2026-03-17 13:00:02  INFO      jobhelp — Loaded config: JobHelp Version 2
2026-03-17 13:00:02  INFO      state — [state] Last run was 1.0h ago — using 1h window.
2026-03-17 13:00:02  INFO      jobhelp — Search window: last 1 hour(s).
2026-03-17 13:00:03  INFO      scrapers — Scraper enabled: Indeed
2026-03-17 13:00:03  INFO      scrapers — Scraper enabled: LinkedIn
2026-03-17 13:00:03  INFO      scrapers — Scraper enabled: ZipRecruiter
2026-03-17 13:00:03  INFO      scrapers — Scraper enabled: Glassdoor
2026-03-17 13:00:03  INFO      scrapers — Scraper enabled: Dice
2026-03-17 13:00:03  INFO      scrapers — Scraper enabled: SimplyHired
2026-03-17 13:00:03  INFO      scrapers — Scraper enabled: Monster
2026-03-17 13:00:03  INFO      scrapers — Scraper enabled: The Muse
2026-03-17 13:00:03  INFO      scrapers — Scraper enabled: CareerBuilder
2026-03-17 13:00:03  INFO      scrapers — Scraper enabled: RemoteOK
2026-03-17 13:00:03  INFO      scrapers — Scraper enabled: Jobicy
2026-03-17 13:00:03  INFO      jobhelp — JobHelp v2 — 11 board(s) × 8 title(s)
2026-03-17 13:00:03  INFO      jobhelp —   Scraping Indeed ...
2026-03-17 13:01:32  INFO      jobhelp —     → 129 result(s)
2026-03-17 13:01:32  INFO      jobhelp —   Scraping LinkedIn ...
2026-03-17 13:01:55  INFO      jobhelp —     → 0 result(s)
2026-03-17 13:01:55  INFO      jobhelp —   Scraping ZipRecruiter ...
2026-03-17 13:03:20  INFO      jobhelp —     → 0 result(s)
2026-03-17 13:03:20  INFO      jobhelp —   Scraping Glassdoor ...
2026-03-17 13:03:47  INFO      jobhelp —     → 200 result(s)
2026-03-17 13:03:47  INFO      jobhelp —   Scraping Dice ...
2026-03-17 13:05:10  INFO      jobhelp —     → 0 result(s)
2026-03-17 13:05:10  INFO      jobhelp —   Scraping SimplyHired ...
2026-03-17 13:06:46  INFO      jobhelp —     → 0 result(s)
2026-03-17 13:06:46  INFO      jobhelp —   Scraping Monster ...
2026-03-17 13:08:08  INFO      jobhelp —     → 0 result(s)
2026-03-17 13:08:08  INFO      jobhelp —   Scraping The Muse ...
2026-03-17 13:08:22  INFO      jobhelp —     → 0 result(s)
2026-03-17 13:08:22  INFO      jobhelp —   Scraping CareerBuilder ...
2026-03-17 13:09:41  INFO      jobhelp —     → 0 result(s)
2026-03-17 13:09:41  INFO      jobhelp —   Scraping RemoteOK ...
2026-03-17 13:09:56  INFO      jobhelp —     → 0 result(s)
2026-03-17 13:09:56  INFO      jobhelp —   Scraping Jobicy ...
2026-03-17 13:10:13  INFO      jobhelp —     → 0 result(s)
2026-03-17 13:10:14  INFO      jobhelp — After cross-board dedup: 254 unique job(s).
2026-03-17 13:10:14  INFO      state — [state] Filtered 206 already-seen job(s).
2026-03-17 13:10:14  INFO      jobhelp — After state filter: 48 new job(s) to report.
2026-03-17 13:10:16  INFO      email_sender — Email sent to cmoskowitz@gmail.com (48 jobs)
2026-03-17 13:10:16  INFO      state — [state] Run recorded.
2026-03-17 16:00:05  INFO      jobhelp — Loaded config: JobHelp Version 2
2026-03-17 16:00:05  INFO      state — [state] Last run was 2.8h ago — using 3h window.
2026-03-17 16:00:05  INFO      jobhelp — Search window: last 3 hour(s).
2026-03-17 16:00:09  INFO      scrapers — Scraper enabled: Indeed
2026-03-17 16:00:09  INFO      scrapers — Scraper enabled: LinkedIn
2026-03-17 16:00:09  INFO      scrapers — Scraper enabled: ZipRecruiter
2026-03-17 16:00:09  INFO      scrapers — Scraper enabled: Glassdoor
2026-03-17 16:00:09  INFO      scrapers — Scraper enabled: Dice
2026-03-17 16:00:09  INFO      scrapers — Scraper enabled: SimplyHired
2026-03-17 16:00:09  INFO      scrapers — Scraper enabled: Monster
2026-03-17 16:00:09  INFO      scrapers — Scraper enabled: The Muse
2026-03-17 16:00:09  INFO      scrapers — Scraper enabled: CareerBuilder
2026-03-17 16:00:09  INFO      scrapers — Scraper enabled: RemoteOK
2026-03-17 16:00:09  INFO      scrapers — Scraper enabled: Jobicy
2026-03-17 16:00:09  INFO      jobhelp — JobHelp v2 — 11 board(s) × 8 title(s)
2026-03-17 16:00:09  INFO      jobhelp —   Scraping Indeed ...
2026-03-17 16:01:35  INFO      jobhelp —     → 120 result(s)
2026-03-17 16:01:35  INFO      jobhelp —   Scraping LinkedIn ...
2026-03-17 16:01:58  INFO      jobhelp —     → 0 result(s)
2026-03-17 16:01:58  INFO      jobhelp —   Scraping ZipRecruiter ...
2026-03-17 16:03:21  INFO      jobhelp —     → 0 result(s)
2026-03-17 16:03:21  INFO      jobhelp —   Scraping Glassdoor ...
2026-03-17 16:03:49  INFO      jobhelp —     → 200 result(s)
2026-03-17 16:03:49  INFO      jobhelp —   Scraping Dice ...
2026-03-17 16:05:10  INFO      jobhelp —     → 0 result(s)
2026-03-17 16:05:10  INFO      jobhelp —   Scraping SimplyHired ...
2026-03-17 16:06:45  INFO      jobhelp —     → 0 result(s)
2026-03-17 16:06:45  INFO      jobhelp —   Scraping Monster ...
2026-03-17 16:08:07  INFO      jobhelp —     → 0 result(s)
2026-03-17 16:08:07  INFO      jobhelp —   Scraping The Muse ...
2026-03-17 16:08:21  INFO      jobhelp —     → 0 result(s)
2026-03-17 16:08:21  INFO      jobhelp —   Scraping CareerBuilder ...
2026-03-17 16:09:39  INFO      jobhelp —     → 0 result(s)
2026-03-17 16:09:39  INFO      jobhelp —   Scraping RemoteOK ...
2026-03-17 16:09:55  INFO      jobhelp —     → 0 result(s)
2026-03-17 16:09:55  INFO      jobhelp —   Scraping Jobicy ...
2026-03-17 16:10:15  INFO      jobhelp —     → 0 result(s)
2026-03-17 16:10:15  INFO      jobhelp — After cross-board dedup: 255 unique job(s).
2026-03-17 16:10:15  INFO      state — [state] Filtered 189 already-seen job(s).
2026-03-17 16:10:15  INFO      jobhelp — After state filter: 66 new job(s) to report.
2026-03-17 16:10:16  INFO      email_sender — Email sent to cmoskowitz@gmail.com (66 jobs)
2026-03-17 16:10:16  INFO      state — [state] Run recorded.
2026-03-18 10:00:04  INFO      jobhelp — Loaded config: JobHelp Version 2
2026-03-18 10:00:04  INFO      state — [state] Last run was 1.5h ago — using 2h window.
2026-03-18 10:00:04  INFO      jobhelp — Search window: last 2 hour(s).
2026-03-18 10:00:13  INFO      scrapers — Scraper enabled: Indeed
2026-03-18 10:00:13  INFO      scrapers — Scraper enabled: LinkedIn
2026-03-18 10:00:13  INFO      scrapers — Scraper enabled: ZipRecruiter
2026-03-18 10:00:13  INFO      scrapers — Scraper enabled: Glassdoor
2026-03-18 10:00:13  INFO      scrapers — Scraper enabled: Dice
2026-03-18 10:00:13  INFO      scrapers — Scraper enabled: SimplyHired
2026-03-18 10:00:13  INFO      scrapers — Scraper enabled: Monster
2026-03-18 10:00:13  INFO      scrapers — Scraper enabled: The Muse
2026-03-18 10:00:13  INFO      scrapers — Scraper enabled: Adzuna
2026-03-18 10:00:13  INFO      scrapers — Scraper enabled: CareerBuilder
2026-03-18 10:00:13  INFO      scrapers — Scraper enabled: RemoteOK
2026-03-18 10:00:13  INFO      scrapers — Scraper enabled: Jobicy
2026-03-18 10:00:13  INFO      jobhelp — JobHelp v2 — 12 board(s) × 8 title(s)
2026-03-18 10:00:13  INFO      jobhelp —   Scraping Indeed ...
2026-03-18 10:01:39  INFO      jobhelp —     → 121 result(s)
2026-03-18 10:01:39  INFO      jobhelp —   Scraping LinkedIn ...
2026-03-18 10:02:03  INFO      jobhelp —     → 0 result(s)
2026-03-18 10:02:03  INFO      jobhelp —   Scraping ZipRecruiter ...
2026-03-18 10:03:27  INFO      jobhelp —     → 0 result(s)
2026-03-18 10:03:27  INFO      jobhelp —   Scraping Glassdoor ...
2026-03-18 10:04:18  INFO      jobhelp —     → 175 result(s)
2026-03-18 10:04:18  INFO      jobhelp —   Scraping Dice ...
2026-03-18 10:05:40  INFO      jobhelp —     → 0 result(s)
2026-03-18 10:05:40  INFO      jobhelp —   Scraping SimplyHired ...
2026-03-18 10:07:14  INFO      jobhelp —     → 0 result(s)
2026-03-18 10:07:14  INFO      jobhelp —   Scraping Monster ...
2026-03-18 10:08:36  INFO      jobhelp —     → 0 result(s)
2026-03-18 10:08:36  INFO      jobhelp —   Scraping The Muse ...
2026-03-18 10:08:51  INFO      jobhelp —     → 0 result(s)
2026-03-18 10:08:51  INFO      jobhelp —   Scraping Adzuna ...
2026-03-18 10:09:10  INFO      jobhelp —     → 0 result(s)
2026-03-18 10:09:10  INFO      jobhelp —   Scraping CareerBuilder ...
2026-03-18 10:10:29  INFO      jobhelp —     → 0 result(s)
2026-03-18 10:10:29  INFO      jobhelp —   Scraping RemoteOK ...
2026-03-18 10:10:46  INFO      jobhelp —     → 0 result(s)
2026-03-18 10:10:46  INFO      jobhelp —   Scraping Jobicy ...
2026-03-18 10:11:04  INFO      jobhelp —     → 0 result(s)
2026-03-18 10:11:05  INFO      jobhelp — After cross-board dedup: 234 unique job(s).
2026-03-18 10:11:05  INFO      state — [state] Filtered 123 already-seen job(s).
2026-03-18 10:11:05  INFO      jobhelp — After state filter: 111 new job(s) to report.
2026-03-18 10:11:06  INFO      email_sender — Email sent to cmoskowitz@gmail.com (111 jobs)
2026-03-18 10:11:06  INFO      state — [state] Run recorded.
2026-03-20 11:00:04  INFO      jobhelp — JobHelp v4 — JobHelp Version 4
2026-03-20 11:00:04  INFO      state — [state] Last run was 1.7h ago — using 2h window.
2026-03-20 11:00:04  INFO      jobhelp — Search window: last 2 hour(s).
2026-03-20 11:00:07  INFO      scrapers — Scraper enabled: Indeed
2026-03-20 11:00:07  INFO      scrapers — Scraper enabled: LinkedIn
2026-03-20 11:00:07  INFO      scrapers — Scraper enabled: ZipRecruiter
2026-03-20 11:00:07  INFO      scrapers — Scraper enabled: Glassdoor
2026-03-20 11:00:07  INFO      scrapers — Scraper enabled: Dice
2026-03-20 11:00:07  INFO      scrapers — Scraper enabled: SimplyHired
2026-03-20 11:00:07  INFO      scrapers — Scraper enabled: Monster
2026-03-20 11:00:07  INFO      scrapers — Scraper enabled: The Muse
2026-03-20 11:00:07  INFO      scrapers — Scraper enabled: Adzuna
2026-03-20 11:00:07  INFO      scrapers — Scraper enabled: CareerBuilder
2026-03-20 11:00:07  INFO      scrapers — Scraper enabled: RemoteOK
2026-03-20 11:00:07  INFO      scrapers — Scraper enabled: Jobicy
2026-03-20 11:00:07  INFO      scrapers — Scraper enabled: Builtin
2026-03-20 11:00:07  INFO      scrapers — Scraper enabled: Wellfound
2026-03-20 11:00:07  INFO      scrapers — JobHelp v4 — 14 board(s) × 8 title(s) [parallel]
2026-03-20 11:00:08  INFO      scrapers — [LinkedIn] Guest API returned 7 result(s) for 'CTO'.
2026-03-20 11:00:10  INFO      scrapers — [LinkedIn] Guest API returned 8 result(s) for 'CIO'.
2026-03-20 11:00:12  INFO      scrapers — [LinkedIn] Guest API returned 6 result(s) for 'VP of Technology'.
2026-03-20 11:00:14  INFO      scrapers — [LinkedIn] Guest API returned 8 result(s) for 'Head of IT'.
2026-03-20 11:00:16  INFO      scrapers — [LinkedIn] Guest API returned 8 result(s) for 'Head of Infrastructure'.
2026-03-20 11:00:18  INFO      scrapers — [LinkedIn] Guest API returned 6 result(s) for 'SVP of Technology'.
2026-03-20 11:00:20  INFO      scrapers — [LinkedIn] Guest API returned 6 result(s) for 'EUC'.
2026-03-20 11:00:20  INFO      scrapers — [The Muse] Zero results — retrying 'CTO' with extended wait.
2026-03-20 11:00:22  INFO      scrapers — [LinkedIn] Guest API returned 7 result(s) for 'Director of Technology'.
2026-03-20 11:00:23  INFO      scrapers — [RemoteOK] Zero results — retrying 'CTO' with extended wait.
2026-03-20 11:00:23  INFO      scrapers — [Jobicy] Zero results — retrying 'CTO' with extended wait.
2026-03-20 11:00:32  INFO      scrapers — [Adzuna] Zero results — retrying 'CTO' with extended wait.
2026-03-20 11:01:26  INFO      scrapers — [Wellfound] Zero results — retrying 'CTO' with extended wait.
2026-03-20 11:01:26  INFO      scrapers — [CareerBuilder] Zero results — retrying 'CTO' with extended wait.
2026-03-20 11:01:31  INFO      scrapers — [ZipRecruiter] Zero results — retrying 'CTO' with extended wait.
2026-03-20 11:01:33  INFO      scrapers — [Monster] Zero results — retrying 'CTO' with extended wait.
2026-03-20 11:01:40  INFO      scrapers — [Dice] Zero results — retrying 'CTO' with extended wait.
2026-03-20 11:01:44  INFO      scrapers — [SimplyHired] Zero results — retrying 'CTO' with extended wait.
2026-03-20 11:01:57  INFO      scrapers —   Indeed → 103 result(s)
2026-03-20 11:01:57  INFO      scrapers —   LinkedIn → 56 result(s)
2026-03-20 11:01:57  INFO      scrapers —   ZipRecruiter → 0 result(s)
2026-03-20 11:01:57  INFO      scrapers —   Glassdoor → 200 result(s)
2026-03-20 11:01:57  INFO      scrapers —   Dice → 0 result(s)
2026-03-20 11:01:57  INFO      scrapers —   SimplyHired → 0 result(s)
2026-03-20 11:01:57  INFO      scrapers —   Monster → 0 result(s)
2026-03-20 11:01:57  INFO      scrapers —   The Muse → 0 result(s)
2026-03-20 11:01:57  INFO      scrapers —   Adzuna → 0 result(s)
2026-03-20 11:01:57  INFO      scrapers —   CareerBuilder → 0 result(s)
2026-03-20 11:01:57  INFO      scrapers —   RemoteOK → 0 result(s)
2026-03-20 11:01:57  INFO      scrapers —   Jobicy → 0 result(s)
2026-03-20 11:01:57  INFO      scrapers —   Builtin → 154 result(s)
2026-03-20 11:01:57  INFO      scrapers —   Wellfound → 0 result(s)
2026-03-20 11:01:58  INFO      scrapers — Fuzzy dedup removed 139 near-duplicate(s).
2026-03-20 11:01:58  INFO      jobhelp — After fuzzy dedup: 374 unique job(s).
2026-03-20 11:01:58  INFO      state — [state] Filtered 323 already-seen job(s).
2026-03-20 11:01:58  INFO      jobhelp — After state filter: 51 new job(s) to report.
2026-03-20 11:01:58  INFO      jobhelp — Keyword filter: removed 2 job(s) matching exclusion list.
2026-03-20 11:01:58  INFO      jobhelp — Geo-priority: 3 NJ/CT/NYC job(s) sorted to top.
2026-03-20 11:01:58  INFO      state — [state] Cached 49 job(s) for dashboard (run_ts=2026-03-20T15:01:58.025449+00:00).
2026-03-20 11:02:01  INFO      email_sender — Email sent to cmoskowitz@gmail.com (49 jobs)
2026-03-20 11:02:01  INFO      state — [state] Run recorded.
2026-03-20 13:00:01  INFO      jobhelp — JobHelp v4 — JobHelp Version 4
2026-03-20 13:00:01  INFO      state — [state] Last run was 2.0h ago — using 2h window.
2026-03-20 13:00:01  INFO      jobhelp — Search window: last 2 hour(s).
2026-03-20 13:00:02  INFO      scrapers — Scraper enabled: Indeed
2026-03-20 13:00:02  INFO      scrapers — Scraper enabled: LinkedIn
2026-03-20 13:00:02  INFO      scrapers — Scraper enabled: ZipRecruiter
2026-03-20 13:00:02  INFO      scrapers — Scraper enabled: Glassdoor
2026-03-20 13:00:02  INFO      scrapers — Scraper enabled: Dice
2026-03-20 13:00:02  INFO      scrapers — Scraper enabled: SimplyHired
2026-03-20 13:00:02  INFO      scrapers — Scraper enabled: Monster
2026-03-20 13:00:02  INFO      scrapers — Scraper enabled: The Muse
2026-03-20 13:00:02  INFO      scrapers — Scraper enabled: Adzuna
2026-03-20 13:00:02  INFO      scrapers — Scraper enabled: CareerBuilder
2026-03-20 13:00:02  INFO      scrapers — Scraper enabled: RemoteOK
2026-03-20 13:00:02  INFO      scrapers — Scraper enabled: Jobicy
2026-03-20 13:00:02  INFO      scrapers — Scraper enabled: Builtin
2026-03-20 13:00:02  INFO      scrapers — Scraper enabled: Wellfound
2026-03-20 13:00:02  INFO      scrapers — JobHelp v4 — 14 board(s) × 8 title(s) [parallel]
2026-03-20 13:00:03  INFO      scrapers — [LinkedIn] Guest API returned 10 result(s) for 'CTO'.
2026-03-20 13:00:05  INFO      scrapers — [LinkedIn] Guest API returned 10 result(s) for 'CIO'.
2026-03-20 13:00:07  INFO      scrapers — [LinkedIn] Guest API returned 8 result(s) for 'VP of Technology'.
2026-03-20 13:00:09  INFO      scrapers — [LinkedIn] Guest API returned 9 result(s) for 'Head of IT'.
2026-03-20 13:00:11  INFO      scrapers — [LinkedIn] Guest API returned 8 result(s) for 'Head of Infrastructure'.
2026-03-20 13:00:13  INFO      scrapers — [LinkedIn] Guest API returned 7 result(s) for 'SVP of Technology'.
2026-03-20 13:00:15  INFO      scrapers — [LinkedIn] Guest API returned 8 result(s) for 'EUC'.
2026-03-20 13:00:17  INFO      scrapers — [LinkedIn] Guest API returned 6 result(s) for 'Director of Technology'.
2026-03-20 13:00:17  INFO      scrapers — [RemoteOK] Zero results — retrying 'CTO' with extended wait.
2026-03-20 13:00:18  INFO      scrapers — [The Muse] Zero results — retrying 'CTO' with extended wait.
2026-03-20 13:00:18  INFO      scrapers — [Jobicy] Zero results — retrying 'CTO' with extended wait.
2026-03-20 13:00:30  INFO      scrapers — [Adzuna] Zero results — retrying 'CTO' with extended wait.
2026-03-20 13:01:21  INFO      scrapers — [Wellfound] Zero results — retrying 'CTO' with extended wait.
2026-03-20 13:01:21  INFO      scrapers — [CareerBuilder] Zero results — retrying 'CTO' with extended wait.
2026-03-20 13:01:27  INFO      scrapers — [Monster] Zero results — retrying 'CTO' with extended wait.
2026-03-20 13:01:27  INFO      scrapers — [ZipRecruiter] Zero results — retrying 'CTO' with extended wait.
2026-03-20 13:01:28  INFO      scrapers — [Dice] Zero results — retrying 'CTO' with extended wait.
2026-03-20 13:01:37  INFO      scrapers — [SimplyHired] Zero results — retrying 'CTO' with extended wait.
2026-03-20 13:01:52  INFO      scrapers —   Indeed → 114 result(s)
2026-03-20 13:01:52  INFO      scrapers —   LinkedIn → 66 result(s)
2026-03-20 13:01:52  INFO      scrapers —   ZipRecruiter → 0 result(s)
2026-03-20 13:01:52  INFO      scrapers —   Glassdoor → 200 result(s)
2026-03-20 13:01:52  INFO      scrapers —   Dice → 0 result(s)
2026-03-20 13:01:52  INFO      scrapers —   SimplyHired → 0 result(s)
2026-03-20 13:01:52  INFO      scrapers —   Monster → 0 result(s)
2026-03-20 13:01:52  INFO      scrapers —   The Muse → 0 result(s)
2026-03-20 13:01:52  INFO      scrapers —   Adzuna → 0 result(s)
2026-03-20 13:01:52  INFO      scrapers —   CareerBuilder → 0 result(s)
2026-03-20 13:01:52  INFO      scrapers —   RemoteOK → 0 result(s)
2026-03-20 13:01:52  INFO      scrapers —   Jobicy → 0 result(s)
2026-03-20 13:01:52  INFO      scrapers —   Builtin → 156 result(s)
2026-03-20 13:01:52  INFO      scrapers —   Wellfound → 0 result(s)
2026-03-20 13:01:52  INFO      scrapers — Fuzzy dedup removed 151 near-duplicate(s).
2026-03-20 13:01:52  INFO      jobhelp — After fuzzy dedup: 385 unique job(s).
2026-03-20 13:01:52  INFO      state — [state] Filtered 342 already-seen job(s).
2026-03-20 13:01:52  INFO      jobhelp — After state filter: 43 new job(s) to report.
2026-03-20 13:01:52  INFO      jobhelp — Keyword filter: removed 1 job(s) matching exclusion list.
2026-03-20 13:01:52  INFO      jobhelp — Geo-priority: 1 NJ/CT/NYC job(s) sorted to top.
2026-03-20 13:01:52  INFO      state — [state] Cached 42 job(s) for dashboard (run_ts=2026-03-20T17:01:52.601712+00:00).
2026-03-20 13:01:53  INFO      email_sender — Email sent to cmoskowitz@gmail.com (42 jobs)
2026-03-20 13:01:54  INFO      state — [state] Run recorded.
2026-03-20 15:00:01  INFO      jobhelp — JobHelp v4 — JobHelp Version 4
2026-03-20 15:00:01  INFO      state — [state] Last run was 2.0h ago — using 2h window.
2026-03-20 15:00:01  INFO      jobhelp — Search window: last 2 hour(s).
2026-03-20 15:00:02  INFO      scrapers — Scraper enabled: Indeed
2026-03-20 15:00:02  INFO      scrapers — Scraper enabled: LinkedIn
2026-03-20 15:00:02  INFO      scrapers — Scraper enabled: ZipRecruiter
2026-03-20 15:00:02  INFO      scrapers — Scraper enabled: Glassdoor
2026-03-20 15:00:02  INFO      scrapers — Scraper enabled: Dice
2026-03-20 15:00:02  INFO      scrapers — Scraper enabled: SimplyHired
2026-03-20 15:00:02  INFO      scrapers — Scraper enabled: Monster
2026-03-20 15:00:02  INFO      scrapers — Scraper enabled: The Muse
2026-03-20 15:00:02  INFO      scrapers — Scraper enabled: Adzuna
2026-03-20 15:00:02  INFO      scrapers — Scraper enabled: CareerBuilder
2026-03-20 15:00:02  INFO      scrapers — Scraper enabled: RemoteOK
2026-03-20 15:00:02  INFO      scrapers — Scraper enabled: Jobicy
2026-03-20 15:00:02  INFO      scrapers — Scraper enabled: Builtin
2026-03-20 15:00:02  INFO      scrapers — Scraper enabled: Wellfound
2026-03-20 15:00:02  INFO      scrapers — JobHelp v4 — 14 board(s) × 8 title(s) [parallel]
2026-03-20 15:00:03  INFO      scrapers — [LinkedIn] Guest API returned 10 result(s) for 'CTO'.
2026-03-20 15:00:05  INFO      scrapers — [LinkedIn] Guest API returned 10 result(s) for 'CIO'.
2026-03-20 15:00:06  INFO      scrapers — [LinkedIn] Guest API returned 10 result(s) for 'VP of Technology'.
2026-03-20 15:00:08  INFO      scrapers — [LinkedIn] Guest API returned 9 result(s) for 'Head of IT'.
2026-03-20 15:00:10  INFO      scrapers — [LinkedIn] Guest API returned 9 result(s) for 'Head of Infrastructure'.
2026-03-20 15:00:12  INFO      scrapers — [LinkedIn] Guest API returned 9 result(s) for 'SVP of Technology'.
2026-03-20 15:00:14  INFO      scrapers — [LinkedIn] Guest API returned 9 result(s) for 'EUC'.
2026-03-20 15:00:16  INFO      scrapers — [LinkedIn] Guest API returned 7 result(s) for 'Director of Technology'.
2026-03-20 15:00:16  INFO      scrapers — [The Muse] Zero results — retrying 'CTO' with extended wait.
2026-03-20 15:00:17  INFO      scrapers — [RemoteOK] Zero results — retrying 'CTO' with extended wait.
2026-03-20 15:00:18  INFO      scrapers — [Jobicy] Zero results — retrying 'CTO' with extended wait.
2026-03-20 15:00:31  INFO      scrapers — [Adzuna] Zero results — retrying 'CTO' with extended wait.
2026-03-20 15:01:20  INFO      scrapers — [Wellfound] Zero results — retrying 'CTO' with extended wait.
2026-03-20 15:01:20  INFO      scrapers — [CareerBuilder] Zero results — retrying 'CTO' with extended wait.
2026-03-20 15:01:24  INFO      scrapers — [ZipRecruiter] Zero results — retrying 'CTO' with extended wait.
2026-03-20 15:01:26  INFO      scrapers — [Monster] Zero results — retrying 'CTO' with extended wait.
2026-03-20 15:01:33  INFO      scrapers — [Dice] Zero results — retrying 'CTO' with extended wait.
2026-03-20 15:01:36  INFO      scrapers — [SimplyHired] Zero results — retrying 'CTO' with extended wait.
2026-03-20 15:01:49  INFO      scrapers —   Indeed → 97 result(s)
2026-03-20 15:01:49  INFO      scrapers —   LinkedIn → 73 result(s)
2026-03-20 15:01:49  INFO      scrapers —   ZipRecruiter → 0 result(s)
2026-03-20 15:01:49  INFO      scrapers —   Glassdoor → 200 result(s)
2026-03-20 15:01:49  INFO      scrapers —   Dice → 0 result(s)
2026-03-20 15:01:49  INFO      scrapers —   SimplyHired → 0 result(s)
2026-03-20 15:01:49  INFO      scrapers —   Monster → 0 result(s)
2026-03-20 15:01:49  INFO      scrapers —   The Muse → 0 result(s)
2026-03-20 15:01:49  INFO      scrapers —   Adzuna → 0 result(s)
2026-03-20 15:01:49  INFO      scrapers —   CareerBuilder → 0 result(s)
2026-03-20 15:01:49  INFO      scrapers —   RemoteOK → 0 result(s)
2026-03-20 15:01:49  INFO      scrapers —   Jobicy → 0 result(s)
2026-03-20 15:01:49  INFO      scrapers —   Builtin → 155 result(s)
2026-03-20 15:01:49  INFO      scrapers —   Wellfound → 0 result(s)
2026-03-20 15:01:50  INFO      scrapers — Fuzzy dedup removed 148 near-duplicate(s).
2026-03-20 15:01:50  INFO      jobhelp — After fuzzy dedup: 377 unique job(s).
2026-03-20 15:01:50  INFO      state — [state] Filtered 336 already-seen job(s).
2026-03-20 15:01:50  INFO      jobhelp — After state filter: 41 new job(s) to report.
2026-03-20 15:01:50  INFO      jobhelp — Keyword filter: removed 3 job(s) matching exclusion list.
2026-03-20 15:01:50  INFO      jobhelp — Geo-priority: 6 NJ/CT/NYC job(s) sorted to top.
2026-03-20 15:01:50  INFO      state — [state] Cached 38 job(s) for dashboard (run_ts=2026-03-20T19:01:50.183497+00:00).
2026-03-20 15:01:51  INFO      email_sender — Email sent to cmoskowitz@gmail.com (38 jobs)
2026-03-20 15:01:51  INFO      state — [state] Run recorded.
2026-03-20 17:00:01  INFO      jobhelp — JobHelp v4 — JobHelp Version 4
2026-03-20 17:00:01  INFO      state — [state] Last run was 2.0h ago — using 2h window.
2026-03-20 17:00:01  INFO      jobhelp — Search window: last 2 hour(s).
2026-03-20 17:00:03  INFO      scrapers — Scraper enabled: Indeed
2026-03-20 17:00:03  INFO      scrapers — Scraper enabled: LinkedIn
2026-03-20 17:00:03  INFO      scrapers — Scraper enabled: ZipRecruiter
2026-03-20 17:00:03  INFO      scrapers — Scraper enabled: Glassdoor
2026-03-20 17:00:03  INFO      scrapers — Scraper enabled: Dice
2026-03-20 17:00:03  INFO      scrapers — Scraper enabled: SimplyHired
2026-03-20 17:00:03  INFO      scrapers — Scraper enabled: Monster
2026-03-20 17:00:03  INFO      scrapers — Scraper enabled: The Muse
2026-03-20 17:00:03  INFO      scrapers — Scraper enabled: Adzuna
2026-03-20 17:00:03  INFO      scrapers — Scraper enabled: CareerBuilder
2026-03-20 17:00:03  INFO      scrapers — Scraper enabled: RemoteOK
2026-03-20 17:00:03  INFO      scrapers — Scraper enabled: Jobicy
2026-03-20 17:00:03  INFO      scrapers — Scraper enabled: Builtin
2026-03-20 17:00:03  INFO      scrapers — Scraper enabled: Wellfound
2026-03-20 17:00:03  INFO      scrapers — JobHelp v4 — 14 board(s) × 8 title(s) [parallel]
2026-03-20 17:00:04  INFO      scrapers — [LinkedIn] Guest API returned 10 result(s) for 'CTO'.
2026-03-20 17:00:06  INFO      scrapers — [LinkedIn] Guest API returned 10 result(s) for 'CIO'.
2026-03-20 17:00:08  INFO      scrapers — [LinkedIn] Guest API returned 10 result(s) for 'VP of Technology'.
2026-03-20 17:00:10  INFO      scrapers — [LinkedIn] Guest API returned 10 result(s) for 'Head of IT'.
2026-03-20 17:00:12  INFO      scrapers — [LinkedIn] Guest API returned 10 result(s) for 'Head of Infrastructure'.
2026-03-20 17:00:14  INFO      scrapers — [LinkedIn] Guest API returned 9 result(s) for 'SVP of Technology'.
2026-03-20 17:00:16  INFO      scrapers — [LinkedIn] Guest API returned 10 result(s) for 'EUC'.
2026-03-20 17:00:17  INFO      scrapers — [The Muse] Zero results — retrying 'CTO' with extended wait.
2026-03-20 17:00:18  INFO      scrapers — [LinkedIn] Guest API returned 8 result(s) for 'Director of Technology'.
2026-03-20 17:00:19  INFO      scrapers — [Jobicy] Zero results — retrying 'CTO' with extended wait.
2026-03-20 17:00:19  INFO      scrapers — [RemoteOK] Zero results — retrying 'CTO' with extended wait.
2026-03-20 17:00:32  INFO      scrapers — [Adzuna] Zero results — retrying 'CTO' with extended wait.
2026-03-20 17:01:22  INFO      scrapers — [Wellfound] Zero results — retrying 'CTO' with extended wait.
2026-03-20 17:01:23  INFO      scrapers — [CareerBuilder] Zero results — retrying 'CTO' with extended wait.
2026-03-20 17:01:29  INFO      scrapers — [Dice] Zero results — retrying 'CTO' with extended wait.
2026-03-20 17:01:30  INFO      scrapers — [ZipRecruiter] Zero results — retrying 'CTO' with extended wait.
2026-03-20 17:01:30  INFO      scrapers — [Monster] Zero results — retrying 'CTO' with extended wait.
2026-03-20 17:01:41  INFO      scrapers — [SimplyHired] Zero results — retrying 'CTO' with extended wait.
2026-03-20 17:01:55  INFO      scrapers —   Indeed → 114 result(s)
2026-03-20 17:01:55  INFO      scrapers —   LinkedIn → 77 result(s)
2026-03-20 17:01:55  INFO      scrapers —   ZipRecruiter → 0 result(s)
2026-03-20 17:01:55  INFO      scrapers —   Glassdoor → 200 result(s)
2026-03-20 17:01:55  INFO      scrapers —   Dice → 0 result(s)
2026-03-20 17:01:55  INFO      scrapers —   SimplyHired → 0 result(s)
2026-03-20 17:01:55  INFO      scrapers —   Monster → 0 result(s)
2026-03-20 17:01:55  INFO      scrapers —   The Muse → 0 result(s)
2026-03-20 17:01:55  INFO      scrapers —   Adzuna → 0 result(s)
2026-03-20 17:01:55  INFO      scrapers —   CareerBuilder → 0 result(s)
2026-03-20 17:01:55  INFO      scrapers —   RemoteOK → 0 result(s)
2026-03-20 17:01:55  INFO      scrapers —   Jobicy → 0 result(s)
2026-03-20 17:01:55  INFO      scrapers —   Builtin → 154 result(s)
2026-03-20 17:01:55  INFO      scrapers —   Wellfound → 0 result(s)
2026-03-20 17:01:55  INFO      scrapers — Fuzzy dedup removed 154 near-duplicate(s).
2026-03-20 17:01:55  INFO      jobhelp — After fuzzy dedup: 391 unique job(s).
2026-03-20 17:01:55  INFO      state — [state] Filtered 337 already-seen job(s).
2026-03-20 17:01:55  INFO      jobhelp — After state filter: 54 new job(s) to report.
2026-03-20 17:01:55  INFO      jobhelp — Keyword filter: removed 3 job(s) matching exclusion list.
2026-03-20 17:01:55  INFO      jobhelp — Geo-priority: 5 NJ/CT/NYC job(s) sorted to top.
2026-03-20 17:01:55  INFO      state — [state] Cached 51 job(s) for dashboard (run_ts=2026-03-20T21:01:55.498025+00:00).
2026-03-20 17:01:56  INFO      email_sender — Email sent to cmoskowitz@gmail.com (51 jobs)
2026-03-20 17:01:56  INFO      state — [state] Run recorded.
2026-03-20 19:00:05  INFO      jobhelp — JobHelp v4 — JobHelp Version 4
2026-03-20 19:00:05  INFO      state — [state] Last run was 2.0h ago — using 2h window.
2026-03-20 19:00:05  INFO      jobhelp — Search window: last 2 hour(s).
2026-03-20 19:00:09  INFO      scrapers — Scraper enabled: Indeed
2026-03-20 19:00:09  INFO      scrapers — Scraper enabled: LinkedIn
2026-03-20 19:00:09  INFO      scrapers — Scraper enabled: ZipRecruiter
2026-03-20 19:00:09  INFO      scrapers — Scraper enabled: Glassdoor
2026-03-20 19:00:09  INFO      scrapers — Scraper enabled: Dice
2026-03-20 19:00:09  INFO      scrapers — Scraper enabled: SimplyHired
2026-03-20 19:00:09  INFO      scrapers — Scraper enabled: Monster
2026-03-20 19:00:09  INFO      scrapers — Scraper enabled: The Muse
2026-03-20 19:00:09  INFO      scrapers — Scraper enabled: Adzuna
2026-03-20 19:00:09  INFO      scrapers — Scraper enabled: CareerBuilder
2026-03-20 19:00:09  INFO      scrapers — Scraper enabled: RemoteOK
2026-03-20 19:00:09  INFO      scrapers — Scraper enabled: Jobicy
2026-03-20 19:00:09  INFO      scrapers — Scraper enabled: Builtin
2026-03-20 19:00:09  INFO      scrapers — Scraper enabled: Wellfound
2026-03-20 19:00:09  INFO      scrapers — JobHelp v4 — 14 board(s) × 8 title(s) [parallel]
2026-03-20 19:00:10  INFO      scrapers — [LinkedIn] Guest API returned 10 result(s) for 'CTO'.
2026-03-20 19:00:12  INFO      scrapers — [LinkedIn] Guest API returned 10 result(s) for 'CIO'.
2026-03-20 19:00:14  INFO      scrapers — [LinkedIn] Guest API returned 10 result(s) for 'VP of Technology'.
2026-03-20 19:00:16  INFO      scrapers — [LinkedIn] Guest API returned 10 result(s) for 'Head of IT'.
2026-03-20 19:00:18  INFO      scrapers — [LinkedIn] Guest API returned 10 result(s) for 'Head of Infrastructure'.
2026-03-20 19:00:20  INFO      scrapers — [LinkedIn] Guest API returned 9 result(s) for 'SVP of Technology'.
2026-03-20 19:00:22  INFO      scrapers — [LinkedIn] Guest API returned 10 result(s) for 'EUC'.
2026-03-20 19:00:22  INFO      scrapers — [The Muse] Zero results — retrying 'CTO' with extended wait.
2026-03-20 19:00:24  INFO      scrapers — [LinkedIn] Guest API returned 10 result(s) for 'Director of Technology'.
2026-03-20 19:00:25  INFO      scrapers — [Jobicy] Zero results — retrying 'CTO' with extended wait.
2026-03-20 19:00:26  INFO      scrapers — [RemoteOK] Zero results — retrying 'CTO' with extended wait.
2026-03-20 19:00:32  INFO      scrapers — [Adzuna] Zero results — retrying 'CTO' with extended wait.
2026-03-20 19:01:28  INFO      scrapers — [Wellfound] Zero results — retrying 'CTO' with extended wait.
2026-03-20 19:01:29  INFO      scrapers — [CareerBuilder] Zero results — retrying 'CTO' with extended wait.
2026-03-20 19:01:35  INFO      scrapers — [Dice] Zero results — retrying 'CTO' with extended wait.
2026-03-20 19:01:36  INFO      scrapers — [Monster] Zero results — retrying 'CTO' with extended wait.
2026-03-20 19:01:39  INFO      scrapers — [ZipRecruiter] Zero results — retrying 'CTO' with extended wait.
2026-03-20 19:01:47  INFO      scrapers — [SimplyHired] Zero results — retrying 'CTO' with extended wait.
2026-03-20 19:02:01  INFO      scrapers —   Indeed → 104 result(s)
2026-03-20 19:02:01  INFO      scrapers —   LinkedIn → 79 result(s)
2026-03-20 19:02:01  INFO      scrapers —   ZipRecruiter → 0 result(s)
2026-03-20 19:02:01  INFO      scrapers —   Glassdoor → 200 result(s)
2026-03-20 19:02:01  INFO      scrapers —   Dice → 0 result(s)
2026-03-20 19:02:01  INFO      scrapers —   SimplyHired → 0 result(s)
2026-03-20 19:02:01  INFO      scrapers —   Monster → 0 result(s)
2026-03-20 19:02:01  INFO      scrapers —   The Muse → 0 result(s)
2026-03-20 19:02:01  INFO      scrapers —   Adzuna → 0 result(s)
2026-03-20 19:02:01  INFO      scrapers —   CareerBuilder → 0 result(s)
2026-03-20 19:02:01  INFO      scrapers —   RemoteOK → 0 result(s)
2026-03-20 19:02:01  INFO      scrapers —   Jobicy → 0 result(s)
2026-03-20 19:02:01  INFO      scrapers —   Builtin → 156 result(s)
2026-03-20 19:02:01  INFO      scrapers —   Wellfound → 0 result(s)
2026-03-20 19:02:02  INFO      scrapers — Fuzzy dedup removed 145 near-duplicate(s).
2026-03-20 19:02:02  INFO      jobhelp — After fuzzy dedup: 394 unique job(s).
2026-03-20 19:02:02  INFO      state — [state] Filtered 351 already-seen job(s).
2026-03-20 19:02:02  INFO      jobhelp — After state filter: 43 new job(s) to report.
2026-03-20 19:02:02  INFO      jobhelp — Keyword filter: removed 2 job(s) matching exclusion list.
2026-03-20 19:02:02  INFO      jobhelp — Geo-priority: 5 NJ/CT/NYC job(s) sorted to top.
2026-03-20 19:02:02  INFO      state — [state] Cached 41 job(s) for dashboard (run_ts=2026-03-20T23:02:02.113903+00:00).
2026-03-20 19:02:03  INFO      email_sender — Email sent to cmoskowitz@gmail.com (41 jobs)
2026-03-20 19:02:03  INFO      state — [state] Run recorded.
2026-03-20 21:00:02  INFO      jobhelp — JobHelp v4 — JobHelp Version 4
2026-03-20 21:00:02  INFO      state — [state] Last run was 2.0h ago — using 2h window.
2026-03-20 21:00:02  INFO      jobhelp — Search window: last 2 hour(s).
2026-03-20 21:00:04  INFO      scrapers — Scraper enabled: Indeed
2026-03-20 21:00:04  INFO      scrapers — Scraper enabled: LinkedIn
2026-03-20 21:00:04  INFO      scrapers — Scraper enabled: ZipRecruiter
2026-03-20 21:00:04  INFO      scrapers — Scraper enabled: Glassdoor
2026-03-20 21:00:04  INFO      scrapers — Scraper enabled: Dice
2026-03-20 21:00:04  INFO      scrapers — Scraper enabled: SimplyHired
2026-03-20 21:00:04  INFO      scrapers — Scraper enabled: Monster
2026-03-20 21:00:04  INFO      scrapers — Scraper enabled: The Muse
2026-03-20 21:00:04  INFO      scrapers — Scraper enabled: Adzuna
2026-03-20 21:00:04  INFO      scrapers — Scraper enabled: CareerBuilder
2026-03-20 21:00:04  INFO      scrapers — Scraper enabled: RemoteOK
2026-03-20 21:00:04  INFO      scrapers — Scraper enabled: Jobicy
2026-03-20 21:00:04  INFO      scrapers — Scraper enabled: Builtin
2026-03-20 21:00:04  INFO      scrapers — Scraper enabled: Wellfound
2026-03-20 21:00:04  INFO      scrapers — JobHelp v4 — 14 board(s) × 8 title(s) [parallel]
2026-03-20 21:00:05  INFO      scrapers — [LinkedIn] Guest API empty for 'CTO', trying Playwright.
2026-03-20 21:00:18  INFO      scrapers — [The Muse] Zero results — retrying 'CTO' with extended wait.
2026-03-20 21:00:18  INFO      scrapers — [LinkedIn] Guest API empty for 'CIO', trying Playwright.
2026-03-20 21:00:20  INFO      scrapers — [Jobicy] Zero results — retrying 'CTO' with extended wait.
2026-03-20 21:00:20  INFO      scrapers — [RemoteOK] Zero results — retrying 'CTO' with extended wait.
2026-03-20 21:00:27  INFO      scrapers — [Adzuna] Zero results — retrying 'CTO' with extended wait.
2026-03-20 21:00:31  INFO      scrapers — [LinkedIn] Guest API empty for 'VP of Technology', trying Playwright.
2026-03-20 21:00:43  INFO      scrapers — [LinkedIn] Guest API empty for 'Head of IT', trying Playwright.
2026-03-20 21:00:52  INFO      scrapers — [LinkedIn] Guest API empty for 'Head of Infrastructure', trying Playwright.
2026-03-20 21:01:00  INFO      scrapers — [LinkedIn] Guest API empty for 'SVP of Technology', trying Playwright.
2026-03-20 21:01:13  INFO      scrapers — [LinkedIn] Guest API empty for 'EUC', trying Playwright.
2026-03-20 21:01:23  INFO      scrapers — [LinkedIn] Guest API empty for 'Director of Technology', trying Playwright.
2026-03-20 21:01:24  INFO      scrapers — [Wellfound] Zero results — retrying 'CTO' with extended wait.
2026-03-20 21:01:24  INFO      scrapers — [CareerBuilder] Zero results — retrying 'CTO' with extended wait.
2026-03-20 21:01:30  INFO      scrapers — [Dice] Zero results — retrying 'CTO' with extended wait.
2026-03-20 21:01:30  INFO      scrapers — [ZipRecruiter] Zero results — retrying 'CTO' with extended wait.
2026-03-20 21:01:31  INFO      scrapers — [Monster] Zero results — retrying 'CTO' with extended wait.
2026-03-20 21:01:41  INFO      scrapers — [SimplyHired] Zero results — retrying 'CTO' with extended wait.
2026-03-20 21:01:55  INFO      scrapers —   Indeed → 116 result(s)
2026-03-20 21:01:55  INFO      scrapers —   LinkedIn → 6 result(s)
2026-03-20 21:01:55  INFO      scrapers —   ZipRecruiter → 0 result(s)
2026-03-20 21:01:55  INFO      scrapers —   Glassdoor → 200 result(s)
2026-03-20 21:01:55  INFO      scrapers —   Dice → 0 result(s)
2026-03-20 21:01:55  INFO      scrapers —   SimplyHired → 0 result(s)
2026-03-20 21:01:55  INFO      scrapers —   Monster → 0 result(s)
2026-03-20 21:01:55  INFO      scrapers —   The Muse → 0 result(s)
2026-03-20 21:01:55  INFO      scrapers —   Adzuna → 0 result(s)
2026-03-20 21:01:55  INFO      scrapers —   CareerBuilder → 0 result(s)
2026-03-20 21:01:55  INFO      scrapers —   RemoteOK → 0 result(s)
2026-03-20 21:01:55  INFO      scrapers —   Jobicy → 0 result(s)
2026-03-20 21:01:55  INFO      scrapers —   Builtin → 156 result(s)
2026-03-20 21:01:55  INFO      scrapers —   Wellfound → 0 result(s)
2026-03-20 21:01:55  INFO      scrapers — Fuzzy dedup removed 123 near-duplicate(s).
2026-03-20 21:01:55  INFO      jobhelp — After fuzzy dedup: 355 unique job(s).
2026-03-20 21:01:55  INFO      state — [state] Filtered 303 already-seen job(s).
2026-03-20 21:01:55  INFO      jobhelp — After state filter: 52 new job(s) to report.
2026-03-20 21:01:55  INFO      jobhelp — Keyword filter: removed 3 job(s) matching exclusion list.
2026-03-20 21:01:55  INFO      jobhelp — Geo-priority: 4 NJ/CT/NYC job(s) sorted to top.
2026-03-20 21:01:55  INFO      state — [state] Cached 49 job(s) for dashboard (run_ts=2026-03-21T01:01:55.509862+00:00).
2026-03-20 21:01:56  INFO      email_sender — Email sent to cmoskowitz@gmail.com (49 jobs)
2026-03-20 21:01:56  INFO      state — [state] Run recorded.
2026-03-21 07:00:05  INFO      jobhelp — JobHelp v4 — JobHelp Version 4
2026-03-21 07:00:05  INFO      state — [state] No prior run today — using 24h window.
2026-03-21 07:00:05  INFO      jobhelp — Search window: last 24 hour(s).
2026-03-21 07:00:09  INFO      scrapers — Scraper enabled: Indeed
2026-03-21 07:00:09  INFO      scrapers — Scraper enabled: LinkedIn
2026-03-21 07:00:09  INFO      scrapers — Scraper enabled: ZipRecruiter
2026-03-21 07:00:09  INFO      scrapers — Scraper enabled: Glassdoor
2026-03-21 07:00:09  INFO      scrapers — Scraper enabled: Dice
2026-03-21 07:00:09  INFO      scrapers — Scraper enabled: SimplyHired
2026-03-21 07:00:09  INFO      scrapers — Scraper enabled: Monster
2026-03-21 07:00:09  INFO      scrapers — Scraper enabled: The Muse
2026-03-21 07:00:09  INFO      scrapers — Scraper enabled: Adzuna
2026-03-21 07:00:09  INFO      scrapers — Scraper enabled: CareerBuilder
2026-03-21 07:00:09  INFO      scrapers — Scraper enabled: RemoteOK
2026-03-21 07:00:09  INFO      scrapers — Scraper enabled: Jobicy
2026-03-21 07:00:09  INFO      scrapers — Scraper enabled: Builtin
2026-03-21 07:00:09  INFO      scrapers — Scraper enabled: Wellfound
2026-03-21 07:00:09  INFO      scrapers — JobHelp v4 — 14 board(s) × 8 title(s) [parallel]
2026-03-21 07:00:10  INFO      scrapers — [LinkedIn] Guest API returned 1 result(s) for 'CTO'.
2026-03-21 07:00:12  INFO      scrapers — [LinkedIn] Guest API returned 3 result(s) for 'CIO'.
2026-03-21 07:00:14  INFO      scrapers — [LinkedIn] Guest API returned 4 result(s) for 'VP of Technology'.
2026-03-21 07:00:16  INFO      scrapers — [LinkedIn] Guest API returned 6 result(s) for 'Head of IT'.
2026-03-21 07:00:18  INFO      scrapers — [LinkedIn] Guest API returned 4 result(s) for 'Head of Infrastructure'.
2026-03-21 07:00:19  INFO      scrapers — [LinkedIn] Guest API returned 4 result(s) for 'SVP of Technology'.
2026-03-21 07:00:21  INFO      scrapers — [LinkedIn] Guest API returned 3 result(s) for 'EUC'.
2026-03-21 07:00:23  INFO      scrapers — [The Muse] Zero results — retrying 'CTO' with extended wait.
2026-03-21 07:00:23  INFO      scrapers — [LinkedIn] Guest API returned 4 result(s) for 'Director of Technology'.
2026-03-21 07:00:25  INFO      scrapers — [RemoteOK] Zero results — retrying 'CTO' with extended wait.
2026-03-21 07:00:25  INFO      scrapers — [Jobicy] Zero results — retrying 'CTO' with extended wait.
2026-03-21 07:01:28  INFO      scrapers — [Wellfound] Zero results — retrying 'CTO' with extended wait.
2026-03-21 07:01:29  INFO      scrapers — [CareerBuilder] Zero results — retrying 'CTO' with extended wait.
2026-03-21 07:01:34  INFO      scrapers — [ZipRecruiter] Zero results — retrying 'CTO' with extended wait.
2026-03-21 07:01:34  INFO      scrapers — [Dice] Zero results — retrying 'CTO' with extended wait.
2026-03-21 07:01:37  INFO      scrapers — [Monster] Zero results — retrying 'CTO' with extended wait.
2026-03-21 07:01:50  INFO      scrapers — [SimplyHired] Zero results — retrying 'CTO' with extended wait.
2026-03-21 07:02:07  INFO      scrapers —   Indeed → 97 result(s)
2026-03-21 07:02:07  INFO      scrapers —   LinkedIn → 29 result(s)
2026-03-21 07:02:07  INFO      scrapers —   ZipRecruiter → 0 result(s)
2026-03-21 07:02:07  INFO      scrapers —   Glassdoor → 175 result(s)
2026-03-21 07:02:07  INFO      scrapers —   Dice → 0 result(s)
2026-03-21 07:02:07  INFO      scrapers —   SimplyHired → 0 result(s)
2026-03-21 07:02:07  INFO      scrapers —   Monster → 0 result(s)
2026-03-21 07:02:07  INFO      scrapers —   The Muse → 0 result(s)
2026-03-21 07:02:07  INFO      scrapers —   Adzuna → 112 result(s)
2026-03-21 07:02:07  INFO      scrapers —   CareerBuilder → 0 result(s)
2026-03-21 07:02:07  INFO      scrapers —   RemoteOK → 0 result(s)
2026-03-21 07:02:07  INFO      scrapers —   Jobicy → 0 result(s)
2026-03-21 07:02:07  INFO      scrapers —   Builtin → 157 result(s)
2026-03-21 07:02:07  INFO      scrapers —   Wellfound → 0 result(s)
2026-03-21 07:02:07  INFO      scrapers — Fuzzy dedup removed 121 near-duplicate(s).
2026-03-21 07:02:07  INFO      jobhelp — After fuzzy dedup: 449 unique job(s).
2026-03-21 07:02:07  INFO      state — [state] Filtered 66 already-seen job(s).
2026-03-21 07:02:07  INFO      jobhelp — After state filter: 383 new job(s) to report.
2026-03-21 07:02:07  INFO      jobhelp — Keyword filter: removed 14 job(s) matching exclusion list.
2026-03-21 07:02:07  INFO      jobhelp — Geo-priority: 33 NJ/CT/NYC job(s) sorted to top.
2026-03-21 07:02:07  INFO      state — [state] Cached 369 job(s) for dashboard (run_ts=2026-03-21T11:02:07.447967+00:00).
2026-03-21 07:02:08  INFO      email_sender — Email sent to cmoskowitz@gmail.com (369 jobs)
2026-03-21 07:02:08  INFO      state — [state] Run recorded.
2026-03-21 11:00:05  INFO      jobhelp — JobHelp v4 — JobHelp Version 4
2026-03-21 11:00:05  INFO      state — [state] Last run was 4.0h ago — using 4h window.
2026-03-21 11:00:05  INFO      jobhelp — Search window: last 4 hour(s).
2026-03-21 11:00:09  INFO      scrapers — Scraper enabled: Indeed
2026-03-21 11:00:09  INFO      scrapers — Scraper enabled: LinkedIn
2026-03-21 11:00:09  INFO      scrapers — Scraper enabled: ZipRecruiter
2026-03-21 11:00:09  INFO      scrapers — Scraper enabled: Glassdoor
2026-03-21 11:00:09  INFO      scrapers — Scraper enabled: Dice
2026-03-21 11:00:09  INFO      scrapers — Scraper enabled: SimplyHired
2026-03-21 11:00:09  INFO      scrapers — Scraper enabled: Monster
2026-03-21 11:00:09  INFO      scrapers — Scraper enabled: The Muse
2026-03-21 11:00:09  INFO      scrapers — Scraper enabled: Adzuna
2026-03-21 11:00:09  INFO      scrapers — Scraper enabled: CareerBuilder
2026-03-21 11:00:09  INFO      scrapers — Scraper enabled: RemoteOK
2026-03-21 11:00:09  INFO      scrapers — Scraper enabled: Jobicy
2026-03-21 11:00:09  INFO      scrapers — Scraper enabled: Builtin
2026-03-21 11:00:09  INFO      scrapers — Scraper enabled: Wellfound
2026-03-21 11:00:09  INFO      scrapers — JobHelp v4 — 14 board(s) × 8 title(s) [parallel]
2026-03-21 11:00:10  INFO      scrapers — [LinkedIn] Guest API returned 3 result(s) for 'CTO'.
2026-03-21 11:00:12  INFO      scrapers — [LinkedIn] Guest API returned 4 result(s) for 'CIO'.
2026-03-21 11:00:14  INFO      scrapers — [LinkedIn] Guest API returned 4 result(s) for 'VP of Technology'.
2026-03-21 11:00:16  INFO      scrapers — [LinkedIn] Guest API returned 8 result(s) for 'Head of IT'.
2026-03-21 11:00:17  INFO      scrapers — [LinkedIn] Guest API returned 6 result(s) for 'Head of Infrastructure'.
2026-03-21 11:00:19  INFO      scrapers — [LinkedIn] Guest API returned 3 result(s) for 'SVP of Technology'.
2026-03-21 11:00:21  INFO      scrapers — [LinkedIn] Guest API returned 4 result(s) for 'EUC'.
2026-03-21 11:00:22  INFO      scrapers — [The Muse] Zero results — retrying 'CTO' with extended wait.
2026-03-21 11:00:23  INFO      scrapers — [LinkedIn] Guest API returned 6 result(s) for 'Director of Technology'.
2026-03-21 11:00:25  INFO      scrapers — [RemoteOK] Zero results — retrying 'CTO' with extended wait.
2026-03-21 11:00:25  INFO      scrapers — [Jobicy] Zero results — retrying 'CTO' with extended wait.
2026-03-21 11:00:32  INFO      scrapers — [Adzuna] Zero results — retrying 'CTO' with extended wait.
2026-03-21 11:01:28  INFO      scrapers — [Wellfound] Zero results — retrying 'CTO' with extended wait.
2026-03-21 11:01:28  INFO      scrapers — [CareerBuilder] Zero results — retrying 'CTO' with extended wait.
2026-03-21 11:01:35  INFO      scrapers — [ZipRecruiter] Zero results — retrying 'CTO' with extended wait.
2026-03-21 11:01:35  INFO      scrapers — [Dice] Zero results — retrying 'CTO' with extended wait.
2026-03-21 11:01:35  INFO      scrapers — [Monster] Zero results — retrying 'CTO' with extended wait.
2026-03-21 11:01:46  INFO      scrapers — [SimplyHired] Zero results — retrying 'CTO' with extended wait.
2026-03-21 11:02:01  INFO      scrapers —   Indeed → 114 result(s)
2026-03-21 11:02:01  INFO      scrapers —   LinkedIn → 38 result(s)
2026-03-21 11:02:01  INFO      scrapers —   ZipRecruiter → 0 result(s)
2026-03-21 11:02:01  INFO      scrapers —   Glassdoor → 200 result(s)
2026-03-21 11:02:01  INFO      scrapers —   Dice → 0 result(s)
2026-03-21 11:02:01  INFO      scrapers —   SimplyHired → 0 result(s)
2026-03-21 11:02:01  INFO      scrapers —   Monster → 0 result(s)
2026-03-21 11:02:01  INFO      scrapers —   The Muse → 0 result(s)
2026-03-21 11:02:01  INFO      scrapers —   Adzuna → 0 result(s)
2026-03-21 11:02:01  INFO      scrapers —   CareerBuilder → 0 result(s)
2026-03-21 11:02:01  INFO      scrapers —   RemoteOK → 0 result(s)
2026-03-21 11:02:01  INFO      scrapers —   Jobicy → 0 result(s)
2026-03-21 11:02:01  INFO      scrapers —   Builtin → 157 result(s)
2026-03-21 11:02:01  INFO      scrapers —   Wellfound → 0 result(s)
2026-03-21 11:02:01  INFO      scrapers — Fuzzy dedup removed 139 near-duplicate(s).
2026-03-21 11:02:01  INFO      jobhelp — After fuzzy dedup: 370 unique job(s).
2026-03-21 11:02:01  INFO      state — [state] Filtered 249 already-seen job(s).
2026-03-21 11:02:01  INFO      jobhelp — After state filter: 121 new job(s) to report.
2026-03-21 11:02:01  INFO      jobhelp — Keyword filter: removed 7 job(s) matching exclusion list.
2026-03-21 11:02:01  INFO      jobhelp — Geo-priority: 10 NJ/CT/NYC job(s) sorted to top.
2026-03-21 11:02:01  INFO      state — [state] Cached 114 job(s) for dashboard (run_ts=2026-03-21T15:02:01.339854+00:00).
2026-03-21 11:02:02  INFO      email_sender — Email sent to cmoskowitz@gmail.com (114 jobs)
2026-03-21 11:02:02  INFO      state — [state] Run recorded.
2026-03-21 16:00:06  INFO      jobhelp — JobHelp v4 — JobHelp Version 4
2026-03-21 16:00:06  INFO      state — [state] Last run was 5.0h ago — using 5h window.
2026-03-21 16:00:06  INFO      jobhelp — Search window: last 5 hour(s).
2026-03-21 16:00:10  INFO      scrapers — Scraper enabled: Indeed
2026-03-21 16:00:10  INFO      scrapers — Scraper enabled: LinkedIn
2026-03-21 16:00:10  INFO      scrapers — Scraper enabled: ZipRecruiter
2026-03-21 16:00:10  INFO      scrapers — Scraper enabled: Glassdoor
2026-03-21 16:00:10  INFO      scrapers — Scraper enabled: Dice
2026-03-21 16:00:10  INFO      scrapers — Scraper enabled: SimplyHired
2026-03-21 16:00:10  INFO      scrapers — Scraper enabled: Monster
2026-03-21 16:00:10  INFO      scrapers — Scraper enabled: The Muse
2026-03-21 16:00:10  INFO      scrapers — Scraper enabled: Adzuna
2026-03-21 16:00:10  INFO      scrapers — Scraper enabled: CareerBuilder
2026-03-21 16:00:10  INFO      scrapers — Scraper enabled: RemoteOK
2026-03-21 16:00:10  INFO      scrapers — Scraper enabled: Jobicy
2026-03-21 16:00:10  INFO      scrapers — Scraper enabled: Builtin
2026-03-21 16:00:10  INFO      scrapers — Scraper enabled: Wellfound
2026-03-21 16:00:10  INFO      scrapers — JobHelp v4 — 14 board(s) × 8 title(s) [parallel]
2026-03-21 16:00:11  INFO      scrapers — [LinkedIn] Guest API returned 8 result(s) for 'CTO'.
2026-03-21 16:00:13  INFO      scrapers — [LinkedIn] Guest API returned 7 result(s) for 'CIO'.
2026-03-21 16:00:14  INFO      scrapers — [LinkedIn] Guest API returned 9 result(s) for 'VP of Technology'.
2026-03-21 16:00:16  INFO      scrapers — [LinkedIn] Guest API returned 9 result(s) for 'Head of IT'.
2026-03-21 16:00:18  INFO      scrapers — [LinkedIn] Guest API returned 8 result(s) for 'Head of Infrastructure'.
2026-03-21 16:00:20  INFO      scrapers — [LinkedIn] Guest API returned 10 result(s) for 'SVP of Technology'.
2026-03-21 16:00:22  INFO      scrapers — [LinkedIn] Guest API returned 5 result(s) for 'EUC'.
2026-03-21 16:00:24  INFO      scrapers — [The Muse] Zero results — retrying 'CTO' with extended wait.
2026-03-21 16:00:24  INFO      scrapers — [LinkedIn] Guest API returned 8 result(s) for 'Director of Technology'.
2026-03-21 16:00:25  INFO      scrapers — [RemoteOK] Zero results — retrying 'CTO' with extended wait.
2026-03-21 16:00:26  INFO      scrapers — [Jobicy] Zero results — retrying 'CTO' with extended wait.
2026-03-21 16:00:35  INFO      scrapers — [Adzuna] Zero results — retrying 'CTO' with extended wait.
2026-03-21 16:01:29  INFO      scrapers — [Wellfound] Zero results — retrying 'CTO' with extended wait.
2026-03-21 16:01:29  INFO      scrapers — [CareerBuilder] Zero results — retrying 'CTO' with extended wait.
2026-03-21 16:01:35  INFO      scrapers — [ZipRecruiter] Zero results — retrying 'CTO' with extended wait.
2026-03-21 16:01:36  INFO      scrapers — [Monster] Zero results — retrying 'CTO' with extended wait.
2026-03-21 16:01:45  INFO      scrapers — [Dice] Zero results — retrying 'CTO' with extended wait.
2026-03-21 16:01:52  INFO      scrapers — [SimplyHired] Zero results — retrying 'CTO' with extended wait.
2026-03-21 16:02:07  INFO      scrapers —   Indeed → 119 result(s)
2026-03-21 16:02:07  INFO      scrapers —   LinkedIn → 64 result(s)
2026-03-21 16:02:07  INFO      scrapers —   ZipRecruiter → 0 result(s)
2026-03-21 16:02:07  INFO      scrapers —   Glassdoor → 200 result(s)
2026-03-21 16:02:07  INFO      scrapers —   Dice → 0 result(s)
2026-03-21 16:02:07  INFO      scrapers —   SimplyHired → 0 result(s)
2026-03-21 16:02:07  INFO      scrapers —   Monster → 0 result(s)
2026-03-21 16:02:07  INFO      scrapers —   The Muse → 0 result(s)
2026-03-21 16:02:07  INFO      scrapers —   Adzuna → 0 result(s)
2026-03-21 16:02:07  INFO      scrapers —   CareerBuilder → 0 result(s)
2026-03-21 16:02:07  INFO      scrapers —   RemoteOK → 0 result(s)
2026-03-21 16:02:07  INFO      scrapers —   Jobicy → 0 result(s)
2026-03-21 16:02:07  INFO      scrapers —   Builtin → 157 result(s)
2026-03-21 16:02:07  INFO      scrapers —   Wellfound → 0 result(s)
2026-03-21 16:02:08  INFO      scrapers — Fuzzy dedup removed 148 near-duplicate(s).
2026-03-21 16:02:08  INFO      jobhelp — After fuzzy dedup: 392 unique job(s).
2026-03-21 16:02:08  INFO      state — [state] Filtered 335 already-seen job(s).
2026-03-21 16:02:08  INFO      jobhelp — After state filter: 57 new job(s) to report.
2026-03-21 16:02:08  INFO      jobhelp — Keyword filter: removed 6 job(s) matching exclusion list.
2026-03-21 16:02:08  INFO      jobhelp — Geo-priority: 5 NJ/CT/NYC job(s) sorted to top.
2026-03-21 16:02:08  INFO      state — [state] Cached 51 job(s) for dashboard (run_ts=2026-03-21T20:02:08.091125+00:00).
2026-03-21 16:02:09  INFO      email_sender — Email sent to cmoskowitz@gmail.com (51 jobs)
2026-03-21 16:02:09  INFO      state — [state] Run recorded.
2026-03-22 07:00:06  INFO      jobhelp — JobHelp v4 — JobHelp Version 4
2026-03-22 07:00:06  INFO      state — [state] No prior run today — using 24h window.
2026-03-22 07:00:06  INFO      jobhelp — Search window: last 24 hour(s).
2026-03-22 07:00:09  INFO      scrapers — Scraper enabled: Indeed
2026-03-22 07:00:09  INFO      scrapers — Scraper enabled: LinkedIn
2026-03-22 07:00:09  INFO      scrapers — Scraper enabled: ZipRecruiter
2026-03-22 07:00:09  INFO      scrapers — Scraper enabled: Glassdoor
2026-03-22 07:00:09  INFO      scrapers — Scraper enabled: Dice
2026-03-22 07:00:09  INFO      scrapers — Scraper enabled: SimplyHired
2026-03-22 07:00:09  INFO      scrapers — Scraper enabled: Monster
2026-03-22 07:00:09  INFO      scrapers — Scraper enabled: The Muse
2026-03-22 07:00:09  INFO      scrapers — Scraper enabled: Adzuna
2026-03-22 07:00:09  INFO      scrapers — Scraper enabled: CareerBuilder
2026-03-22 07:00:09  INFO      scrapers — Scraper enabled: RemoteOK
2026-03-22 07:00:09  INFO      scrapers — Scraper enabled: Jobicy
2026-03-22 07:00:09  INFO      scrapers — Scraper enabled: Builtin
2026-03-22 07:00:09  INFO      scrapers — Scraper enabled: Wellfound
2026-03-22 07:00:09  INFO      scrapers — JobHelp v4 — 14 board(s) × 8 title(s) [parallel]
2026-03-22 07:00:10  INFO      scrapers — [LinkedIn] Guest API returned 2 result(s) for 'CTO'.
2026-03-22 07:00:12  INFO      scrapers — [LinkedIn] Guest API returned 3 result(s) for 'CIO'.
2026-03-22 07:00:14  INFO      scrapers — [LinkedIn] Guest API returned 5 result(s) for 'VP of Technology'.
2026-03-22 07:00:16  INFO      scrapers — [LinkedIn] Guest API returned 10 result(s) for 'Head of IT'.
2026-03-22 07:00:18  INFO      scrapers — [LinkedIn] Guest API returned 10 result(s) for 'Head of Infrastructure'.
2026-03-22 07:00:20  INFO      scrapers — [LinkedIn] Guest API returned 5 result(s) for 'SVP of Technology'.
2026-03-22 07:00:22  INFO      scrapers — [LinkedIn] Guest API returned 2 result(s) for 'EUC'.
2026-03-22 07:00:23  INFO      scrapers — [The Muse] Zero results — retrying 'CTO' with extended wait.
2026-03-22 07:00:24  INFO      scrapers — [LinkedIn] Guest API returned 6 result(s) for 'Director of Technology'.
2026-03-22 07:00:25  INFO      scrapers — [RemoteOK] Zero results — retrying 'CTO' with extended wait.
2026-03-22 07:00:25  INFO      scrapers — [Jobicy] Zero results — retrying 'CTO' with extended wait.
2026-03-22 07:01:28  INFO      scrapers — [Wellfound] Zero results — retrying 'CTO' with extended wait.
2026-03-22 07:01:29  INFO      scrapers — [CareerBuilder] Zero results — retrying 'CTO' with extended wait.
2026-03-22 07:01:35  INFO      scrapers — [ZipRecruiter] Zero results — retrying 'CTO' with extended wait.
2026-03-22 07:01:35  INFO      scrapers — [Dice] Zero results — retrying 'CTO' with extended wait.
2026-03-22 07:01:36  INFO      scrapers — [Monster] Zero results — retrying 'CTO' with extended wait.
2026-03-22 07:01:46  INFO      scrapers — [SimplyHired] Zero results — retrying 'CTO' with extended wait.
2026-03-22 07:01:59  INFO      scrapers —   Indeed → 46 result(s)
2026-03-22 07:01:59  INFO      scrapers —   LinkedIn → 43 result(s)
2026-03-22 07:01:59  INFO      scrapers —   ZipRecruiter → 0 result(s)
2026-03-22 07:01:59  INFO      scrapers —   Glassdoor → 175 result(s)
2026-03-22 07:01:59  INFO      scrapers —   Dice → 0 result(s)
2026-03-22 07:01:59  INFO      scrapers —   SimplyHired → 0 result(s)
2026-03-22 07:01:59  INFO      scrapers —   Monster → 0 result(s)
2026-03-22 07:01:59  INFO      scrapers —   The Muse → 0 result(s)
2026-03-22 07:01:59  INFO      scrapers —   Adzuna → 118 result(s)
2026-03-22 07:01:59  INFO      scrapers —   CareerBuilder → 0 result(s)
2026-03-22 07:01:59  INFO      scrapers —   RemoteOK → 0 result(s)
2026-03-22 07:01:59  INFO      scrapers —   Jobicy → 0 result(s)
2026-03-22 07:01:59  INFO      scrapers —   Builtin → 157 result(s)
2026-03-22 07:01:59  INFO      scrapers —   Wellfound → 0 result(s)
2026-03-22 07:01:59  INFO      scrapers — Fuzzy dedup removed 137 near-duplicate(s).
2026-03-22 07:01:59  INFO      jobhelp — After fuzzy dedup: 402 unique job(s).
2026-03-22 07:01:59  INFO      state — [state] Filtered 220 already-seen job(s).
2026-03-22 07:01:59  INFO      jobhelp — After state filter: 182 new job(s) to report.
2026-03-22 07:01:59  INFO      jobhelp — Keyword filter: removed 8 job(s) matching exclusion list.
2026-03-22 07:01:59  INFO      jobhelp — Geo-priority: 14 NJ/CT/NYC job(s) sorted to top.
2026-03-22 07:01:59  INFO      state — [state] Cached 174 job(s) for dashboard (run_ts=2026-03-22T11:01:59.701915+00:00).
2026-03-22 07:02:00  INFO      email_sender — Email sent to cmoskowitz@gmail.com (174 jobs)
2026-03-22 07:02:00  INFO      state — [state] Run recorded.
2026-03-22 11:00:05  INFO      jobhelp — JobHelp v4 — JobHelp Version 4
2026-03-22 11:00:05  INFO      state — [state] Last run was 4.0h ago — using 4h window.
2026-03-22 11:00:05  INFO      jobhelp — Search window: last 4 hour(s).
2026-03-22 11:00:08  INFO      scrapers — Scraper enabled: Indeed
2026-03-22 11:00:08  INFO      scrapers — Scraper enabled: LinkedIn
2026-03-22 11:00:08  INFO      scrapers — Scraper enabled: ZipRecruiter
2026-03-22 11:00:08  INFO      scrapers — Scraper enabled: Glassdoor
2026-03-22 11:00:08  INFO      scrapers — Scraper enabled: Dice
2026-03-22 11:00:08  INFO      scrapers — Scraper enabled: SimplyHired
2026-03-22 11:00:08  INFO      scrapers — Scraper enabled: Monster
2026-03-22 11:00:08  INFO      scrapers — Scraper enabled: The Muse
2026-03-22 11:00:08  INFO      scrapers — Scraper enabled: Adzuna
2026-03-22 11:00:08  INFO      scrapers — Scraper enabled: CareerBuilder
2026-03-22 11:00:08  INFO      scrapers — Scraper enabled: RemoteOK
2026-03-22 11:00:08  INFO      scrapers — Scraper enabled: Jobicy
2026-03-22 11:00:08  INFO      scrapers — Scraper enabled: Builtin
2026-03-22 11:00:08  INFO      scrapers — Scraper enabled: Wellfound
2026-03-22 11:00:08  INFO      scrapers — JobHelp v4 — 14 board(s) × 8 title(s) [parallel]
2026-03-22 11:00:09  INFO      scrapers — [LinkedIn] Guest API returned 6 result(s) for 'CTO'.
2026-03-22 11:00:11  INFO      scrapers — [LinkedIn] Guest API returned 7 result(s) for 'CIO'.
2026-03-22 11:00:13  INFO      scrapers — [LinkedIn] Guest API returned 7 result(s) for 'VP of Technology'.
2026-03-22 11:00:15  INFO      scrapers — [LinkedIn] Guest API returned 10 result(s) for 'Head of IT'.
2026-03-22 11:00:17  INFO      scrapers — [LinkedIn] Guest API returned 10 result(s) for 'Head of Infrastructure'.
2026-03-22 11:00:19  INFO      scrapers — [LinkedIn] Guest API returned 6 result(s) for 'SVP of Technology'.
2026-03-22 11:00:21  INFO      scrapers — [LinkedIn] Guest API returned 2 result(s) for 'EUC'.
2026-03-22 11:00:22  INFO      scrapers — [The Muse] Zero results — retrying 'CTO' with extended wait.
2026-03-22 11:00:22  INFO      scrapers — [LinkedIn] Guest API returned 8 result(s) for 'Director of Technology'.
2026-03-22 11:00:24  INFO      scrapers — [RemoteOK] Zero results — retrying 'CTO' with extended wait.
2026-03-22 11:00:24  INFO      scrapers — [Jobicy] Zero results — retrying 'CTO' with extended wait.
2026-03-22 11:00:32  INFO      scrapers — [Adzuna] Zero results — retrying 'CTO' with extended wait.
2026-03-22 11:01:26  INFO      scrapers — [Wellfound] Zero results — retrying 'CTO' with extended wait.
2026-03-22 11:01:26  INFO      scrapers — [CareerBuilder] Zero results — retrying 'CTO' with extended wait.
2026-03-22 11:01:31  INFO      scrapers — [Dice] Zero results — retrying 'CTO' with extended wait.
2026-03-22 11:01:31  INFO      scrapers — [ZipRecruiter] Zero results — retrying 'CTO' with extended wait.
2026-03-22 11:01:32  INFO      scrapers — [Monster] Zero results — retrying 'CTO' with extended wait.
2026-03-22 11:01:42  INFO      scrapers — [SimplyHired] Zero results — retrying 'CTO' with extended wait.
2026-03-22 11:01:56  INFO      scrapers —   Indeed → 58 result(s)
2026-03-22 11:01:56  INFO      scrapers —   LinkedIn → 56 result(s)
2026-03-22 11:01:56  INFO      scrapers —   ZipRecruiter → 0 result(s)
2026-03-22 11:01:56  INFO      scrapers —   Glassdoor → 200 result(s)
2026-03-22 11:01:56  INFO      scrapers —   Dice → 0 result(s)
2026-03-22 11:01:56  INFO      scrapers —   SimplyHired → 0 result(s)
2026-03-22 11:01:56  INFO      scrapers —   Monster → 0 result(s)
2026-03-22 11:01:56  INFO      scrapers —   The Muse → 0 result(s)
2026-03-22 11:01:56  INFO      scrapers —   Adzuna → 0 result(s)
2026-03-22 11:01:56  INFO      scrapers —   CareerBuilder → 0 result(s)
2026-03-22 11:01:56  INFO      scrapers —   RemoteOK → 0 result(s)
2026-03-22 11:01:56  INFO      scrapers —   Jobicy → 0 result(s)
2026-03-22 11:01:56  INFO      scrapers —   Builtin → 157 result(s)
2026-03-22 11:01:56  INFO      scrapers —   Wellfound → 0 result(s)
2026-03-22 11:01:56  INFO      scrapers — Fuzzy dedup removed 139 near-duplicate(s).
2026-03-22 11:01:56  INFO      jobhelp — After fuzzy dedup: 332 unique job(s).
2026-03-22 11:01:56  INFO      state — [state] Filtered 245 already-seen job(s).
2026-03-22 11:01:56  INFO      jobhelp — After state filter: 87 new job(s) to report.
2026-03-22 11:01:56  INFO      jobhelp — Keyword filter: removed 10 job(s) matching exclusion list.
2026-03-22 11:01:56  INFO      jobhelp — Geo-priority: 15 NJ/CT/NYC job(s) sorted to top.
2026-03-22 11:01:56  INFO      state — [state] Cached 77 job(s) for dashboard (run_ts=2026-03-22T15:01:56.678640+00:00).
2026-03-22 11:01:57  INFO      email_sender — Email sent to cmoskowitz@gmail.com (77 jobs)
2026-03-22 11:01:57  INFO      state — [state] Run recorded.
2026-03-22 16:00:05  INFO      jobhelp — JobHelp v4 — JobHelp Version 4
2026-03-22 16:00:05  INFO      state — [state] Last run was 5.0h ago — using 5h window.
2026-03-22 16:00:05  INFO      jobhelp — Search window: last 5 hour(s).
2026-03-22 16:00:08  INFO      scrapers — Scraper enabled: Indeed
2026-03-22 16:00:08  INFO      scrapers — Scraper enabled: LinkedIn
2026-03-22 16:00:08  INFO      scrapers — Scraper enabled: ZipRecruiter
2026-03-22 16:00:08  INFO      scrapers — Scraper enabled: Glassdoor
2026-03-22 16:00:08  INFO      scrapers — Scraper enabled: Dice
2026-03-22 16:00:08  INFO      scrapers — Scraper enabled: SimplyHired
2026-03-22 16:00:08  INFO      scrapers — Scraper enabled: Monster
2026-03-22 16:00:08  INFO      scrapers — Scraper enabled: The Muse
2026-03-22 16:00:08  INFO      scrapers — Scraper enabled: Adzuna
2026-03-22 16:00:08  INFO      scrapers — Scraper enabled: CareerBuilder
2026-03-22 16:00:08  INFO      scrapers — Scraper enabled: RemoteOK
2026-03-22 16:00:08  INFO      scrapers — Scraper enabled: Jobicy
2026-03-22 16:00:08  INFO      scrapers — Scraper enabled: Builtin
2026-03-22 16:00:08  INFO      scrapers — Scraper enabled: Wellfound
2026-03-22 16:00:08  INFO      scrapers — JobHelp v4 — 14 board(s) × 8 title(s) [parallel]
2026-03-22 16:00:09  INFO      scrapers — [LinkedIn] Guest API returned 10 result(s) for 'CTO'.
2026-03-22 16:00:11  INFO      scrapers — [LinkedIn] Guest API returned 10 result(s) for 'CIO'.
2026-03-22 16:00:13  INFO      scrapers — [LinkedIn] Guest API returned 10 result(s) for 'VP of Technology'.
2026-03-22 16:00:14  INFO      scrapers — [LinkedIn] Guest API returned 10 result(s) for 'Head of IT'.
2026-03-22 16:00:16  INFO      scrapers — [LinkedIn] Guest API returned 10 result(s) for 'Head of Infrastructure'.
2026-03-22 16:00:18  INFO      scrapers — [LinkedIn] Guest API returned 10 result(s) for 'SVP of Technology'.
2026-03-22 16:00:20  INFO      scrapers — [LinkedIn] Guest API returned 3 result(s) for 'EUC'.
2026-03-22 16:00:21  INFO      scrapers — [The Muse] Zero results — retrying 'CTO' with extended wait.
2026-03-22 16:00:22  INFO      scrapers — [LinkedIn] Guest API returned 9 result(s) for 'Director of Technology'.
2026-03-22 16:00:24  INFO      scrapers — [RemoteOK] Zero results — retrying 'CTO' with extended wait.
2026-03-22 16:00:24  INFO      scrapers — [Jobicy] Zero results — retrying 'CTO' with extended wait.
2026-03-22 16:01:26  INFO      scrapers — [Wellfound] Zero results — retrying 'CTO' with extended wait.
2026-03-22 16:01:27  INFO      scrapers — [CareerBuilder] Zero results — retrying 'CTO' with extended wait.
2026-03-22 16:01:31  INFO      scrapers — [Dice] Zero results — retrying 'CTO' with extended wait.
2026-03-22 16:01:31  INFO      scrapers — [ZipRecruiter] Zero results — retrying 'CTO' with extended wait.
2026-03-22 16:01:32  INFO      scrapers — [Monster] Zero results — retrying 'CTO' with extended wait.
2026-03-22 16:01:48  INFO      scrapers — [SimplyHired] Zero results — retrying 'CTO' with extended wait.
2026-03-22 16:02:02  INFO      scrapers —   Indeed → 72 result(s)
2026-03-22 16:02:02  INFO      scrapers —   LinkedIn → 72 result(s)
2026-03-22 16:02:02  INFO      scrapers —   ZipRecruiter → 0 result(s)
2026-03-22 16:02:02  INFO      scrapers —   Glassdoor → 200 result(s)
2026-03-22 16:02:02  INFO      scrapers —   Dice → 0 result(s)
2026-03-22 16:02:02  INFO      scrapers —   SimplyHired → 0 result(s)
2026-03-22 16:02:02  INFO      scrapers —   Monster → 0 result(s)
2026-03-22 16:02:02  INFO      scrapers —   The Muse → 0 result(s)
2026-03-22 16:02:02  INFO      scrapers —   Adzuna → 28 result(s)
2026-03-22 16:02:02  INFO      scrapers —   CareerBuilder → 0 result(s)
2026-03-22 16:02:02  INFO      scrapers —   RemoteOK → 0 result(s)
2026-03-22 16:02:02  INFO      scrapers —   Jobicy → 0 result(s)
2026-03-22 16:02:02  INFO      scrapers —   Builtin → 157 result(s)
2026-03-22 16:02:02  INFO      scrapers —   Wellfound → 0 result(s)
2026-03-22 16:02:02  INFO      scrapers — Fuzzy dedup removed 175 near-duplicate(s).
2026-03-22 16:02:02  INFO      jobhelp — After fuzzy dedup: 354 unique job(s).
2026-03-22 16:02:02  INFO      state — [state] Filtered 311 already-seen job(s).
2026-03-22 16:02:02  INFO      jobhelp — After state filter: 43 new job(s) to report.
2026-03-22 16:02:02  INFO      jobhelp — Keyword filter: removed 9 job(s) matching exclusion list.
2026-03-22 16:02:02  INFO      jobhelp — Geo-priority: 7 NJ/CT/NYC job(s) sorted to top.
2026-03-22 16:02:03  INFO      state — [state] Cached 34 job(s) for dashboard (run_ts=2026-03-22T20:02:02.995830+00:00).
2026-03-22 16:02:04  INFO      email_sender — Email sent to cmoskowitz@gmail.com (34 jobs)
2026-03-22 16:02:04  INFO      state — [state] Run recorded.
2026-03-23 07:00:05  INFO      jobhelp — JobHelp v4 — JobHelp Version 4
2026-03-23 07:00:05  INFO      state — [state] No prior run today — using 24h window.
2026-03-23 07:00:05  INFO      jobhelp — Search window: last 24 hour(s).
2026-03-23 07:00:08  INFO      scrapers — Scraper enabled: Indeed
2026-03-23 07:00:08  INFO      scrapers — Scraper enabled: LinkedIn
2026-03-23 07:00:08  INFO      scrapers — Scraper enabled: ZipRecruiter
2026-03-23 07:00:08  INFO      scrapers — Scraper enabled: Glassdoor
2026-03-23 07:00:08  INFO      scrapers — Scraper enabled: Dice
2026-03-23 07:00:08  INFO      scrapers — Scraper enabled: SimplyHired
2026-03-23 07:00:08  INFO      scrapers — Scraper enabled: Monster
2026-03-23 07:00:08  INFO      scrapers — Scraper enabled: The Muse
2026-03-23 07:00:08  INFO      scrapers — Scraper enabled: Adzuna
2026-03-23 07:00:08  INFO      scrapers — Scraper enabled: CareerBuilder
2026-03-23 07:00:08  INFO      scrapers — Scraper enabled: RemoteOK
2026-03-23 07:00:08  INFO      scrapers — Scraper enabled: Jobicy
2026-03-23 07:00:08  INFO      scrapers — Scraper enabled: Builtin
2026-03-23 07:00:08  INFO      scrapers — Scraper enabled: Wellfound
2026-03-23 07:00:08  INFO      scrapers — JobHelp v4 — 14 board(s) × 8 title(s) [parallel]
2026-03-23 07:00:09  INFO      scrapers — [LinkedIn] Guest API returned 1 result(s) for 'CTO'.
2026-03-23 07:00:11  INFO      scrapers — [LinkedIn] Guest API returned 1 result(s) for 'CIO'.
2026-03-23 07:00:13  INFO      scrapers — [LinkedIn] Guest API returned 4 result(s) for 'VP of Technology'.
2026-03-23 07:00:15  INFO      scrapers — [LinkedIn] Guest API returned 9 result(s) for 'Head of IT'.
2026-03-23 07:00:17  INFO      scrapers — [LinkedIn] Guest API returned 9 result(s) for 'Head of Infrastructure'.
2026-03-23 07:00:18  INFO      scrapers — [LinkedIn] Guest API returned 4 result(s) for 'SVP of Technology'.
2026-03-23 07:00:20  INFO      scrapers — [LinkedIn] Guest API returned 2 result(s) for 'EUC'.
2026-03-23 07:00:22  INFO      scrapers — [The Muse] Zero results — retrying 'CTO' with extended wait.
2026-03-23 07:00:22  INFO      scrapers — [LinkedIn] Guest API returned 8 result(s) for 'Director of Technology'.
2026-03-23 07:00:23  INFO      scrapers — [RemoteOK] Zero results — retrying 'CTO' with extended wait.
2026-03-23 07:01:26  INFO      scrapers — [Wellfound] Zero results — retrying 'CTO' with extended wait.
2026-03-23 07:01:28  INFO      scrapers — [CareerBuilder] Zero results — retrying 'CTO' with extended wait.
2026-03-23 07:01:31  INFO      scrapers — [Dice] Zero results — retrying 'CTO' with extended wait.
2026-03-23 07:01:31  INFO      scrapers — [ZipRecruiter] Zero results — retrying 'CTO' with extended wait.
2026-03-23 07:01:32  INFO      scrapers — [Monster] Zero results — retrying 'CTO' with extended wait.
2026-03-23 07:01:41  INFO      scrapers — [SimplyHired] Zero results — retrying 'CTO' with extended wait.
2026-03-23 07:01:54  INFO      scrapers —   Indeed → 26 result(s)
2026-03-23 07:01:54  INFO      scrapers —   LinkedIn → 38 result(s)
2026-03-23 07:01:54  INFO      scrapers —   ZipRecruiter → 0 result(s)
2026-03-23 07:01:54  INFO      scrapers —   Glassdoor → 175 result(s)
2026-03-23 07:01:54  INFO      scrapers —   Dice → 0 result(s)
2026-03-23 07:01:54  INFO      scrapers —   SimplyHired → 0 result(s)
2026-03-23 07:01:54  INFO      scrapers —   Monster → 0 result(s)
2026-03-23 07:01:54  INFO      scrapers —   The Muse → 0 result(s)
2026-03-23 07:01:54  INFO      scrapers —   Adzuna → 87 result(s)
2026-03-23 07:01:54  INFO      scrapers —   CareerBuilder → 0 result(s)
2026-03-23 07:01:54  INFO      scrapers —   RemoteOK → 0 result(s)
2026-03-23 07:01:54  INFO      scrapers —   Jobicy → 2 result(s)
2026-03-23 07:01:54  INFO      scrapers —   Builtin → 157 result(s)
2026-03-23 07:01:54  INFO      scrapers —   Wellfound → 0 result(s)
2026-03-23 07:01:54  INFO      scrapers — Fuzzy dedup removed 148 near-duplicate(s).
2026-03-23 07:01:54  INFO      jobhelp — After fuzzy dedup: 337 unique job(s).
2026-03-23 07:01:54  INFO      state — [state] Filtered 52 already-seen job(s).
2026-03-23 07:01:54  INFO      jobhelp — After state filter: 285 new job(s) to report.
2026-03-23 07:01:54  INFO      jobhelp — Keyword filter: removed 11 job(s) matching exclusion list.
2026-03-23 07:01:54  INFO      jobhelp — Geo-priority: 19 NJ/CT/NYC job(s) sorted to top.
2026-03-23 07:01:54  INFO      state — [state] Cached 274 job(s) for dashboard (run_ts=2026-03-23T11:01:54.939157+00:00).
2026-03-23 07:01:56  INFO      email_sender — Email sent to cmoskowitz@gmail.com (274 jobs)
2026-03-23 07:01:56  INFO      state — [state] Run recorded.
2026-03-23 09:00:06  INFO      jobhelp — JobHelp v4 — JobHelp Version 4
2026-03-23 09:00:06  INFO      state — [state] Last run was 2.0h ago — using 2h window.
2026-03-23 09:00:06  INFO      jobhelp — Search window: last 2 hour(s).
2026-03-23 09:00:10  INFO      scrapers — Scraper enabled: Indeed
2026-03-23 09:00:10  INFO      scrapers — Scraper enabled: LinkedIn
2026-03-23 09:00:10  INFO      scrapers — Scraper enabled: ZipRecruiter
2026-03-23 09:00:10  INFO      scrapers — Scraper enabled: Glassdoor
2026-03-23 09:00:10  INFO      scrapers — Scraper enabled: Dice
2026-03-23 09:00:10  INFO      scrapers — Scraper enabled: SimplyHired
2026-03-23 09:00:10  INFO      scrapers — Scraper enabled: Monster
2026-03-23 09:00:10  INFO      scrapers — Scraper enabled: The Muse
2026-03-23 09:00:10  INFO      scrapers — Scraper enabled: Adzuna
2026-03-23 09:00:10  INFO      scrapers — Scraper enabled: CareerBuilder
2026-03-23 09:00:10  INFO      scrapers — Scraper enabled: RemoteOK
2026-03-23 09:00:10  INFO      scrapers — Scraper enabled: Jobicy
2026-03-23 09:00:10  INFO      scrapers — Scraper enabled: Builtin
2026-03-23 09:00:10  INFO      scrapers — Scraper enabled: Wellfound
2026-03-23 09:00:10  INFO      scrapers — JobHelp v4 — 14 board(s) × 8 title(s) [parallel]
2026-03-23 09:00:10  INFO      scrapers — [LinkedIn] Guest API returned 1 result(s) for 'CTO'.
2026-03-23 09:00:12  INFO      scrapers — [LinkedIn] Guest API returned 2 result(s) for 'CIO'.
2026-03-23 09:00:14  INFO      scrapers — [LinkedIn] Guest API returned 4 result(s) for 'VP of Technology'.
2026-03-23 09:00:16  INFO      scrapers — [LinkedIn] Guest API returned 9 result(s) for 'Head of IT'.
2026-03-23 09:00:18  INFO      scrapers — [LinkedIn] Guest API returned 9 result(s) for 'Head of Infrastructure'.
2026-03-23 09:00:20  INFO      scrapers — [LinkedIn] Guest API returned 4 result(s) for 'SVP of Technology'.
2026-03-23 09:00:22  INFO      scrapers — [LinkedIn] Guest API returned 5 result(s) for 'EUC'.
2026-03-23 09:00:23  INFO      scrapers — [The Muse] Zero results — retrying 'CTO' with extended wait.
2026-03-23 09:00:24  INFO      scrapers — [LinkedIn] Guest API returned 9 result(s) for 'Director of Technology'.
2026-03-23 09:00:25  INFO      scrapers — [RemoteOK] Zero results — retrying 'CTO' with extended wait.
2026-03-23 09:00:25  INFO      scrapers — [Jobicy] Zero results — retrying 'CTO' with extended wait.
2026-03-23 09:00:31  INFO      scrapers — [Adzuna] Zero results — retrying 'CTO' with extended wait.
2026-03-23 09:01:28  INFO      scrapers — [CareerBuilder] Zero results — retrying 'CTO' with extended wait.
2026-03-23 09:01:28  INFO      scrapers — [Wellfound] Zero results — retrying 'CTO' with extended wait.
2026-03-23 09:01:34  INFO      scrapers — [ZipRecruiter] Zero results — retrying 'CTO' with extended wait.
2026-03-23 09:01:35  INFO      scrapers — [Dice] Zero results — retrying 'CTO' with extended wait.
2026-03-23 09:01:40  WARNING   scrapers — [Monster] Playwright error on https://www.monster.com/jobs/search?q=SVP+of+Technology&where=&tm=1: Page.goto: Timeout 35000ms exceeded.
Call log:
  - navigating to "https://www.monster.com/jobs/search?q=SVP+of+Technology&where=&tm=1", waiting until "domcontentloaded"

2026-03-23 09:01:48  INFO      scrapers — [SimplyHired] Zero results — retrying 'CTO' with extended wait.
2026-03-23 09:02:02  INFO      scrapers — [Monster] Zero results — retrying 'CTO' with extended wait.
2026-03-23 09:02:14  INFO      scrapers —   Indeed → 57 result(s)
2026-03-23 09:02:14  INFO      scrapers —   LinkedIn → 43 result(s)
2026-03-23 09:02:14  INFO      scrapers —   ZipRecruiter → 0 result(s)
2026-03-23 09:02:14  INFO      scrapers —   Glassdoor → 150 result(s)
2026-03-23 09:02:14  INFO      scrapers —   Dice → 0 result(s)
2026-03-23 09:02:14  INFO      scrapers —   SimplyHired → 0 result(s)
2026-03-23 09:02:14  INFO      scrapers —   Monster → 0 result(s)
2026-03-23 09:02:14  INFO      scrapers —   The Muse → 0 result(s)
2026-03-23 09:02:14  INFO      scrapers —   Adzuna → 0 result(s)
2026-03-23 09:02:14  INFO      scrapers —   CareerBuilder → 0 result(s)
2026-03-23 09:02:14  INFO      scrapers —   RemoteOK → 0 result(s)
2026-03-23 09:02:14  INFO      scrapers —   Jobicy → 0 result(s)
2026-03-23 09:02:14  INFO      scrapers —   Builtin → 157 result(s)
2026-03-23 09:02:14  INFO      scrapers —   Wellfound → 0 result(s)
2026-03-23 09:02:14  INFO      scrapers — Fuzzy dedup removed 104 near-duplicate(s).
2026-03-23 09:02:14  INFO      jobhelp — After fuzzy dedup: 303 unique job(s).
2026-03-23 09:02:14  INFO      state — [state] Filtered 230 already-seen job(s).
2026-03-23 09:02:14  INFO      jobhelp — After state filter: 73 new job(s) to report.
2026-03-23 09:02:14  INFO      jobhelp — Keyword filter: removed 8 job(s) matching exclusion list.
2026-03-23 09:02:14  INFO      jobhelp — Geo-priority: 9 NJ/CT/NYC job(s) sorted to top.
2026-03-23 09:02:14  INFO      state — [state] Cached 65 job(s) for dashboard (run_ts=2026-03-23T13:02:14.971053+00:00).
2026-03-23 09:02:24  INFO      email_sender — Email sent to cmoskowitz@gmail.com (65 jobs)
2026-03-23 09:02:24  INFO      state — [state] Run recorded.
2026-03-23 11:00:01  INFO      jobhelp — JobHelp v4 — JobHelp Version 4
2026-03-23 11:00:01  INFO      state — [state] Last run was 2.0h ago — using 2h window.
2026-03-23 11:00:01  INFO      jobhelp — Search window: last 2 hour(s).
2026-03-23 11:00:02  INFO      scrapers — Scraper enabled: Indeed
2026-03-23 11:00:02  INFO      scrapers — Scraper enabled: LinkedIn
2026-03-23 11:00:02  INFO      scrapers — Scraper enabled: ZipRecruiter
2026-03-23 11:00:02  INFO      scrapers — Scraper enabled: Glassdoor
2026-03-23 11:00:02  INFO      scrapers — Scraper enabled: Dice
2026-03-23 11:00:02  INFO      scrapers — Scraper enabled: SimplyHired
2026-03-23 11:00:02  INFO      scrapers — Scraper enabled: Monster
2026-03-23 11:00:02  INFO      scrapers — Scraper enabled: The Muse
2026-03-23 11:00:02  INFO      scrapers — Scraper enabled: Adzuna
2026-03-23 11:00:02  INFO      scrapers — Scraper enabled: CareerBuilder
2026-03-23 11:00:02  INFO      scrapers — Scraper enabled: RemoteOK
2026-03-23 11:00:02  INFO      scrapers — Scraper enabled: Jobicy
2026-03-23 11:00:02  INFO      scrapers — Scraper enabled: Builtin
2026-03-23 11:00:02  INFO      scrapers — Scraper enabled: Wellfound
2026-03-23 11:00:02  INFO      scrapers — JobHelp v4 — 14 board(s) × 8 title(s) [parallel]
2026-03-23 11:00:03  INFO      scrapers — [LinkedIn] Guest API returned 2 result(s) for 'CTO'.
2026-03-23 11:00:05  INFO      scrapers — [LinkedIn] Guest API returned 3 result(s) for 'CIO'.
2026-03-23 11:00:07  INFO      scrapers — [LinkedIn] Guest API returned 5 result(s) for 'VP of Technology'.
2026-03-23 11:00:09  INFO      scrapers — [LinkedIn] Guest API returned 10 result(s) for 'Head of IT'.
2026-03-23 11:00:11  INFO      scrapers — [LinkedIn] Guest API returned 10 result(s) for 'Head of Infrastructure'.
2026-03-23 11:00:13  INFO      scrapers — [LinkedIn] Guest API returned 5 result(s) for 'SVP of Technology'.
2026-03-23 11:00:15  INFO      scrapers — [LinkedIn] Guest API returned 9 result(s) for 'EUC'.
2026-03-23 11:00:16  INFO      scrapers — [The Muse] Zero results — retrying 'CTO' with extended wait.
2026-03-23 11:00:17  INFO      scrapers — [LinkedIn] Guest API returned 9 result(s) for 'Director of Technology'.
2026-03-23 11:00:17  INFO      scrapers — [RemoteOK] Zero results — retrying 'CTO' with extended wait.
2026-03-23 11:00:18  INFO      scrapers — [Jobicy] Zero results — retrying 'CTO' with extended wait.
2026-03-23 11:00:29  INFO      scrapers — [Adzuna] Zero results — retrying 'CTO' with extended wait.
2026-03-23 11:01:20  INFO      scrapers — [Wellfound] Zero results — retrying 'CTO' with extended wait.
2026-03-23 11:01:21  INFO      scrapers — [CareerBuilder] Zero results — retrying 'CTO' with extended wait.
2026-03-23 11:01:24  INFO      scrapers — [Dice] Zero results — retrying 'CTO' with extended wait.
2026-03-23 11:01:25  INFO      scrapers — [Monster] Zero results — retrying 'CTO' with extended wait.
2026-03-23 11:01:36  INFO      scrapers — [ZipRecruiter] Zero results — retrying 'CTO' with extended wait.
2026-03-23 11:01:41  INFO      scrapers — [SimplyHired] Zero results — retrying 'CTO' with extended wait.
2026-03-23 11:01:55  INFO      scrapers —   Indeed → 51 result(s)
2026-03-23 11:01:55  INFO      scrapers —   LinkedIn → 53 result(s)
2026-03-23 11:01:55  INFO      scrapers —   ZipRecruiter → 0 result(s)
2026-03-23 11:01:55  INFO      scrapers —   Glassdoor → 200 result(s)
2026-03-23 11:01:55  INFO      scrapers —   Dice → 0 result(s)
2026-03-23 11:01:55  INFO      scrapers —   SimplyHired → 0 result(s)
2026-03-23 11:01:55  INFO      scrapers —   Monster → 0 result(s)
2026-03-23 11:01:55  INFO      scrapers —   The Muse → 0 result(s)
2026-03-23 11:01:55  INFO      scrapers —   Adzuna → 0 result(s)
2026-03-23 11:01:55  INFO      scrapers —   CareerBuilder → 0 result(s)
2026-03-23 11:01:55  INFO      scrapers —   RemoteOK → 0 result(s)
2026-03-23 11:01:55  INFO      scrapers —   Jobicy → 0 result(s)
2026-03-23 11:01:55  INFO      scrapers —   Builtin → 157 result(s)
2026-03-23 11:01:55  INFO      scrapers —   Wellfound → 0 result(s)
2026-03-23 11:01:55  INFO      scrapers — Fuzzy dedup removed 122 near-duplicate(s).
2026-03-23 11:01:55  INFO      jobhelp — After fuzzy dedup: 339 unique job(s).
2026-03-23 11:01:55  INFO      state — [state] Filtered 278 already-seen job(s).
2026-03-23 11:01:55  INFO      jobhelp — After state filter: 61 new job(s) to report.
2026-03-23 11:01:55  INFO      jobhelp — Keyword filter: removed 12 job(s) matching exclusion list.
2026-03-23 11:01:55  INFO      jobhelp — Geo-priority: 3 NJ/CT/NYC job(s) sorted to top.
2026-03-23 11:01:55  INFO      state — [state] Cached 49 job(s) for dashboard (run_ts=2026-03-23T15:01:55.665702+00:00).
2026-03-23 11:01:57  INFO      email_sender — Email sent to cmoskowitz@gmail.com (49 jobs)
2026-03-23 11:01:57  INFO      state — [state] Run recorded.
2026-03-23 13:00:02  INFO      jobhelp — JobHelp v4 — JobHelp Version 4
2026-03-23 13:00:02  INFO      state — [state] Last run was 2.0h ago — using 2h window.
2026-03-23 13:00:02  INFO      jobhelp — Search window: last 2 hour(s).
2026-03-23 13:00:03  INFO      scrapers — Scraper enabled: Indeed
2026-03-23 13:00:03  INFO      scrapers — Scraper enabled: LinkedIn
2026-03-23 13:00:03  INFO      scrapers — Scraper enabled: ZipRecruiter
2026-03-23 13:00:03  INFO      scrapers — Scraper enabled: Glassdoor
2026-03-23 13:00:03  INFO      scrapers — Scraper enabled: Dice
2026-03-23 13:00:03  INFO      scrapers — Scraper enabled: SimplyHired
2026-03-23 13:00:03  INFO      scrapers — Scraper enabled: Monster
2026-03-23 13:00:03  INFO      scrapers — Scraper enabled: The Muse
2026-03-23 13:00:03  INFO      scrapers — Scraper enabled: Adzuna
2026-03-23 13:00:03  INFO      scrapers — Scraper enabled: CareerBuilder
2026-03-23 13:00:03  INFO      scrapers — Scraper enabled: RemoteOK
2026-03-23 13:00:03  INFO      scrapers — Scraper enabled: Jobicy
2026-03-23 13:00:03  INFO      scrapers — Scraper enabled: Builtin
2026-03-23 13:00:03  INFO      scrapers — Scraper enabled: Wellfound
2026-03-23 13:00:03  INFO      scrapers — JobHelp v4 — 14 board(s) × 8 title(s) [parallel]
2026-03-23 13:00:04  INFO      scrapers — [LinkedIn] Guest API returned 10 result(s) for 'CTO'.
2026-03-23 13:00:06  INFO      scrapers — [LinkedIn] Guest API returned 10 result(s) for 'CIO'.
2026-03-23 13:00:08  INFO      scrapers — [LinkedIn] Guest API returned 9 result(s) for 'VP of Technology'.
2026-03-23 13:00:10  INFO      scrapers — [LinkedIn] Guest API returned 10 result(s) for 'Head of IT'.
2026-03-23 13:00:12  INFO      scrapers — [LinkedIn] Guest API returned 10 result(s) for 'Head of Infrastructure'.
2026-03-23 13:00:14  INFO      scrapers — [LinkedIn] Guest API returned 9 result(s) for 'SVP of Technology'.
2026-03-23 13:00:16  INFO      scrapers — [LinkedIn] Guest API returned 10 result(s) for 'EUC'.
2026-03-23 13:00:17  INFO      scrapers — [The Muse] Zero results — retrying 'CTO' with extended wait.
2026-03-23 13:00:18  INFO      scrapers — [LinkedIn] Guest API returned 10 result(s) for 'Director of Technology'.
2026-03-23 13:00:19  INFO      scrapers — [RemoteOK] Zero results — retrying 'CTO' with extended wait.
2026-03-23 13:00:20  INFO      scrapers — [Jobicy] Zero results — retrying 'CTO' with extended wait.
2026-03-23 13:00:32  INFO      scrapers — [Adzuna] Zero results — retrying 'CTO' with extended wait.
2026-03-23 13:01:21  INFO      scrapers — [Wellfound] Zero results — retrying 'CTO' with extended wait.
2026-03-23 13:01:22  INFO      scrapers — [CareerBuilder] Zero results — retrying 'CTO' with extended wait.
2026-03-23 13:01:26  INFO      scrapers — [ZipRecruiter] Zero results — retrying 'CTO' with extended wait.
2026-03-23 13:01:27  INFO      scrapers — [Monster] Zero results — retrying 'CTO' with extended wait.
2026-03-23 13:01:27  INFO      scrapers — [Dice] Zero results — retrying 'CTO' with extended wait.
2026-03-23 13:01:38  INFO      scrapers — [SimplyHired] Zero results — retrying 'CTO' with extended wait.
2026-03-23 13:01:52  INFO      scrapers —   Indeed → 69 result(s)
2026-03-23 13:01:52  INFO      scrapers —   LinkedIn → 78 result(s)
2026-03-23 13:01:52  INFO      scrapers —   ZipRecruiter → 0 result(s)
2026-03-23 13:01:52  INFO      scrapers —   Glassdoor → 200 result(s)
2026-03-23 13:01:52  INFO      scrapers —   Dice → 0 result(s)
2026-03-23 13:01:52  INFO      scrapers —   SimplyHired → 0 result(s)
2026-03-23 13:01:52  INFO      scrapers —   Monster → 0 result(s)
2026-03-23 13:01:52  INFO      scrapers —   The Muse → 0 result(s)
2026-03-23 13:01:52  INFO      scrapers —   Adzuna → 0 result(s)
2026-03-23 13:01:52  INFO      scrapers —   CareerBuilder → 0 result(s)
2026-03-23 13:01:52  INFO      scrapers —   RemoteOK → 0 result(s)
2026-03-23 13:01:52  INFO      scrapers —   Jobicy → 0 result(s)
2026-03-23 13:01:52  INFO      scrapers —   Builtin → 155 result(s)
2026-03-23 13:01:52  INFO      scrapers —   Wellfound → 0 result(s)
2026-03-23 13:01:52  INFO      scrapers — Fuzzy dedup removed 154 near-duplicate(s).
2026-03-23 13:01:52  INFO      jobhelp — After fuzzy dedup: 348 unique job(s).
2026-03-23 13:01:52  INFO      state — [state] Filtered 267 already-seen job(s).
2026-03-23 13:01:52  INFO      jobhelp — After state filter: 81 new job(s) to report.
2026-03-23 13:01:52  INFO      jobhelp — Keyword filter: removed 9 job(s) matching exclusion list.
2026-03-23 13:01:52  INFO      jobhelp — Geo-priority: 10 NJ/CT/NYC job(s) sorted to top.
2026-03-23 13:01:52  INFO      state — [state] Cached 72 job(s) for dashboard (run_ts=2026-03-23T17:01:52.359897+00:00).
2026-03-23 13:01:54  INFO      email_sender — Email sent to cmoskowitz@gmail.com (72 jobs)
2026-03-23 13:01:54  INFO      state — [state] Run recorded.
2026-03-23 15:00:02  INFO      jobhelp — JobHelp v4 — JobHelp Version 4
2026-03-23 15:00:02  INFO      state — [state] Last run was 2.0h ago — using 2h window.
2026-03-23 15:00:02  INFO      jobhelp — Search window: last 2 hour(s).
2026-03-23 15:00:03  INFO      scrapers — Scraper enabled: Indeed
2026-03-23 15:00:03  INFO      scrapers — Scraper enabled: LinkedIn
2026-03-23 15:00:03  INFO      scrapers — Scraper enabled: ZipRecruiter
2026-03-23 15:00:03  INFO      scrapers — Scraper enabled: Glassdoor
2026-03-23 15:00:03  INFO      scrapers — Scraper enabled: Dice
2026-03-23 15:00:03  INFO      scrapers — Scraper enabled: SimplyHired
2026-03-23 15:00:03  INFO      scrapers — Scraper enabled: Monster
2026-03-23 15:00:03  INFO      scrapers — Scraper enabled: The Muse
2026-03-23 15:00:03  INFO      scrapers — Scraper enabled: Adzuna
2026-03-23 15:00:03  INFO      scrapers — Scraper enabled: CareerBuilder
2026-03-23 15:00:03  INFO      scrapers — Scraper enabled: RemoteOK
2026-03-23 15:00:03  INFO      scrapers — Scraper enabled: Jobicy
2026-03-23 15:00:03  INFO      scrapers — Scraper enabled: Builtin
2026-03-23 15:00:03  INFO      scrapers — Scraper enabled: Wellfound
2026-03-23 15:00:03  INFO      scrapers — JobHelp v4 — 14 board(s) × 8 title(s) [parallel]
2026-03-23 15:00:04  INFO      scrapers — [LinkedIn] Guest API returned 10 result(s) for 'CTO'.
2026-03-23 15:00:05  INFO      scrapers — [LinkedIn] Guest API returned 10 result(s) for 'CIO'.
2026-03-23 15:00:07  INFO      scrapers — [LinkedIn] Guest API returned 9 result(s) for 'VP of Technology'.
2026-03-23 15:00:09  INFO      scrapers — [LinkedIn] Guest API returned 10 result(s) for 'Head of IT'.
2026-03-23 15:00:11  INFO      scrapers — [LinkedIn] Guest API returned 10 result(s) for 'Head of Infrastructure'.
2026-03-23 15:00:13  INFO      scrapers — [LinkedIn] Guest API returned 9 result(s) for 'SVP of Technology'.
2026-03-23 15:00:15  INFO      scrapers — [LinkedIn] Guest API returned 10 result(s) for 'EUC'.
2026-03-23 15:00:16  INFO      scrapers — [The Muse] Zero results — retrying 'CTO' with extended wait.
2026-03-23 15:00:17  INFO      scrapers — [LinkedIn] Guest API returned 9 result(s) for 'Director of Technology'.
2026-03-23 15:00:18  INFO      scrapers — [RemoteOK] Zero results — retrying 'CTO' with extended wait.
2026-03-23 15:00:19  INFO      scrapers — [Jobicy] Zero results — retrying 'CTO' with extended wait.
2026-03-23 15:00:29  INFO      scrapers — [Adzuna] Zero results — retrying 'CTO' with extended wait.
2026-03-23 15:01:21  INFO      scrapers — [Wellfound] Zero results — retrying 'CTO' with extended wait.
2026-03-23 15:01:22  INFO      scrapers — [CareerBuilder] Zero results — retrying 'CTO' with extended wait.
2026-03-23 15:01:27  INFO      scrapers — [Monster] Zero results — retrying 'CTO' with extended wait.
2026-03-23 15:01:27  INFO      scrapers — [ZipRecruiter] Zero results — retrying 'CTO' with extended wait.
2026-03-23 15:01:34  INFO      scrapers — [Dice] Zero results — retrying 'CTO' with extended wait.
2026-03-23 15:01:41  INFO      scrapers — [SimplyHired] Zero results — retrying 'CTO' with extended wait.
2026-03-23 15:01:55  INFO      scrapers —   Indeed → 98 result(s)
2026-03-23 15:01:55  INFO      scrapers —   LinkedIn → 77 result(s)
2026-03-23 15:01:55  INFO      scrapers —   ZipRecruiter → 0 result(s)
2026-03-23 15:01:55  INFO      scrapers —   Glassdoor → 200 result(s)
2026-03-23 15:01:55  INFO      scrapers —   Dice → 0 result(s)
2026-03-23 15:01:55  INFO      scrapers —   SimplyHired → 0 result(s)
2026-03-23 15:01:55  INFO      scrapers —   Monster → 0 result(s)
2026-03-23 15:01:55  INFO      scrapers —   The Muse → 0 result(s)
2026-03-23 15:01:55  INFO      scrapers —   Adzuna → 0 result(s)
2026-03-23 15:01:55  INFO      scrapers —   CareerBuilder → 0 result(s)
2026-03-23 15:01:55  INFO      scrapers —   RemoteOK → 0 result(s)
2026-03-23 15:01:55  INFO      scrapers —   Jobicy → 0 result(s)
2026-03-23 15:01:55  INFO      scrapers —   Builtin → 157 result(s)
2026-03-23 15:01:55  INFO      scrapers —   Wellfound → 0 result(s)
2026-03-23 15:01:55  INFO      scrapers — Fuzzy dedup removed 160 near-duplicate(s).
2026-03-23 15:01:55  INFO      jobhelp — After fuzzy dedup: 372 unique job(s).
2026-03-23 15:01:55  INFO      state — [state] Filtered 317 already-seen job(s).
2026-03-23 15:01:55  INFO      jobhelp — After state filter: 55 new job(s) to report.
2026-03-23 15:01:55  INFO      jobhelp — Keyword filter: removed 9 job(s) matching exclusion list.
2026-03-23 15:01:55  INFO      jobhelp — Geo-priority: 5 NJ/CT/NYC job(s) sorted to top.
2026-03-23 15:01:55  INFO      state — [state] Cached 46 job(s) for dashboard (run_ts=2026-03-23T19:01:55.696854+00:00).
2026-03-23 15:01:57  INFO      email_sender — Email sent to cmoskowitz@gmail.com (46 jobs)
2026-03-23 15:01:57  INFO      state — [state] Run recorded.
2026-03-23 17:00:05  INFO      jobhelp — JobHelp v4 — JobHelp Version 4
2026-03-23 17:00:05  INFO      state — [state] Last run was 2.0h ago — using 2h window.
2026-03-23 17:00:05  INFO      jobhelp — Search window: last 2 hour(s).
2026-03-23 17:00:09  INFO      scrapers — Scraper enabled: Indeed
2026-03-23 17:00:09  INFO      scrapers — Scraper enabled: LinkedIn
2026-03-23 17:00:09  INFO      scrapers — Scraper enabled: ZipRecruiter
2026-03-23 17:00:09  INFO      scrapers — Scraper enabled: Glassdoor
2026-03-23 17:00:09  INFO      scrapers — Scraper enabled: Dice
2026-03-23 17:00:09  INFO      scrapers — Scraper enabled: SimplyHired
2026-03-23 17:00:09  INFO      scrapers — Scraper enabled: Monster
2026-03-23 17:00:09  INFO      scrapers — Scraper enabled: The Muse
2026-03-23 17:00:09  INFO      scrapers — Scraper enabled: Adzuna
2026-03-23 17:00:09  INFO      scrapers — Scraper enabled: CareerBuilder
2026-03-23 17:00:09  INFO      scrapers — Scraper enabled: RemoteOK
2026-03-23 17:00:09  INFO      scrapers — Scraper enabled: Jobicy
2026-03-23 17:00:09  INFO      scrapers — Scraper enabled: Builtin
2026-03-23 17:00:09  INFO      scrapers — Scraper enabled: Wellfound
2026-03-23 17:00:09  INFO      scrapers — JobHelp v4 — 14 board(s) × 8 title(s) [parallel]
2026-03-23 17:00:10  INFO      scrapers — [LinkedIn] Guest API returned 10 result(s) for 'CTO'.
2026-03-23 17:00:12  INFO      scrapers — [LinkedIn] Guest API returned 10 result(s) for 'CIO'.
2026-03-23 17:00:14  INFO      scrapers — [LinkedIn] Guest API returned 9 result(s) for 'VP of Technology'.
2026-03-23 17:00:16  INFO      scrapers — [LinkedIn] Guest API returned 10 result(s) for 'Head of IT'.
2026-03-23 17:00:18  INFO      scrapers — [LinkedIn] Guest API returned 10 result(s) for 'Head of Infrastructure'.
2026-03-23 17:00:20  INFO      scrapers — [LinkedIn] Guest API returned 10 result(s) for 'SVP of Technology'.
2026-03-23 17:00:22  INFO      scrapers — [LinkedIn] Guest API returned 10 result(s) for 'EUC'.
2026-03-23 17:00:22  INFO      scrapers — [The Muse] Zero results — retrying 'CTO' with extended wait.
2026-03-23 17:00:24  INFO      scrapers — [LinkedIn] Guest API returned 10 result(s) for 'Director of Technology'.
2026-03-23 17:00:25  INFO      scrapers — [RemoteOK] Zero results — retrying 'CTO' with extended wait.
2026-03-23 17:00:25  INFO      scrapers — [Jobicy] Zero results — retrying 'CTO' with extended wait.
2026-03-23 17:00:33  INFO      scrapers — [Adzuna] Zero results — retrying 'CTO' with extended wait.
2026-03-23 17:01:28  INFO      scrapers — [Wellfound] Zero results — retrying 'CTO' with extended wait.
2026-03-23 17:01:28  INFO      scrapers — [CareerBuilder] Zero results — retrying 'CTO' with extended wait.
2026-03-23 17:01:34  INFO      scrapers — [Dice] Zero results — retrying 'CTO' with extended wait.
2026-03-23 17:01:35  INFO      scrapers — [Monster] Zero results — retrying 'CTO' with extended wait.
2026-03-23 17:01:40  INFO      scrapers — [ZipRecruiter] Zero results — retrying 'CTO' with extended wait.
2026-03-23 17:01:47  INFO      scrapers — [SimplyHired] Zero results — retrying 'CTO' with extended wait.
2026-03-23 17:02:01  INFO      scrapers —   Indeed → 106 result(s)
2026-03-23 17:02:01  INFO      scrapers —   LinkedIn → 79 result(s)
2026-03-23 17:02:01  INFO      scrapers —   ZipRecruiter → 0 result(s)
2026-03-23 17:02:01  INFO      scrapers —   Glassdoor → 200 result(s)
2026-03-23 17:02:01  INFO      scrapers —   Dice → 0 result(s)
2026-03-23 17:02:01  INFO      scrapers —   SimplyHired → 0 result(s)
2026-03-23 17:02:01  INFO      scrapers —   Monster → 0 result(s)
2026-03-23 17:02:01  INFO      scrapers —   The Muse → 0 result(s)
2026-03-23 17:02:01  INFO      scrapers —   Adzuna → 0 result(s)
2026-03-23 17:02:01  INFO      scrapers —   CareerBuilder → 0 result(s)
2026-03-23 17:02:01  INFO      scrapers —   RemoteOK → 0 result(s)
2026-03-23 17:02:01  INFO      scrapers —   Jobicy → 0 result(s)
2026-03-23 17:02:01  INFO      scrapers —   Builtin → 157 result(s)
2026-03-23 17:02:01  INFO      scrapers —   Wellfound → 0 result(s)
2026-03-23 17:02:01  INFO      scrapers — Fuzzy dedup removed 157 near-duplicate(s).
2026-03-23 17:02:01  INFO      jobhelp — After fuzzy dedup: 385 unique job(s).
2026-03-23 17:02:01  INFO      state — [state] Filtered 329 already-seen job(s).
2026-03-23 17:02:01  INFO      jobhelp — After state filter: 56 new job(s) to report.
2026-03-23 17:02:01  INFO      jobhelp — Keyword filter: removed 12 job(s) matching exclusion list.
2026-03-23 17:02:01  INFO      jobhelp — Geo-priority: 2 NJ/CT/NYC job(s) sorted to top.
2026-03-23 17:02:01  INFO      state — [state] Cached 44 job(s) for dashboard (run_ts=2026-03-23T21:02:01.629782+00:00).
2026-03-23 17:02:02  INFO      email_sender — Email sent to cmoskowitz@gmail.com (44 jobs)
2026-03-23 17:02:02  INFO      state — [state] Run recorded.
2026-03-23 19:00:02  INFO      jobhelp — JobHelp v4 — JobHelp Version 4
2026-03-23 19:00:02  INFO      state — [state] Last run was 2.0h ago — using 2h window.
2026-03-23 19:00:02  INFO      jobhelp — Search window: last 2 hour(s).
2026-03-23 19:00:03  INFO      scrapers — Scraper enabled: Indeed
2026-03-23 19:00:03  INFO      scrapers — Scraper enabled: LinkedIn
2026-03-23 19:00:03  INFO      scrapers — Scraper enabled: ZipRecruiter
2026-03-23 19:00:03  INFO      scrapers — Scraper enabled: Glassdoor
2026-03-23 19:00:03  INFO      scrapers — Scraper enabled: Dice
2026-03-23 19:00:03  INFO      scrapers — Scraper enabled: SimplyHired
2026-03-23 19:00:03  INFO      scrapers — Scraper enabled: Monster
2026-03-23 19:00:03  INFO      scrapers — Scraper enabled: The Muse
2026-03-23 19:00:03  INFO      scrapers — Scraper enabled: Adzuna
2026-03-23 19:00:03  INFO      scrapers — Scraper enabled: CareerBuilder
2026-03-23 19:00:03  INFO      scrapers — Scraper enabled: RemoteOK
2026-03-23 19:00:03  INFO      scrapers — Scraper enabled: Jobicy
2026-03-23 19:00:03  INFO      scrapers — Scraper enabled: Builtin
2026-03-23 19:00:03  INFO      scrapers — Scraper enabled: Wellfound
2026-03-23 19:00:03  INFO      scrapers — JobHelp v4 — 14 board(s) × 8 title(s) [parallel]
2026-03-23 19:00:04  INFO      scrapers — [LinkedIn] Guest API returned 10 result(s) for 'CTO'.
2026-03-23 19:00:06  INFO      scrapers — [LinkedIn] Guest API returned 10 result(s) for 'CIO'.
2026-03-23 19:00:08  INFO      scrapers — [LinkedIn] Guest API returned 10 result(s) for 'VP of Technology'.
2026-03-23 19:00:10  INFO      scrapers — [LinkedIn] Guest API returned 10 result(s) for 'Head of IT'.
2026-03-23 19:00:12  INFO      scrapers — [LinkedIn] Guest API returned 10 result(s) for 'Head of Infrastructure'.
2026-03-23 19:00:14  INFO      scrapers — [LinkedIn] Guest API returned 9 result(s) for 'SVP of Technology'.
2026-03-23 19:00:16  INFO      scrapers — [LinkedIn] Guest API returned 10 result(s) for 'EUC'.
2026-03-23 19:00:17  INFO      scrapers — [The Muse] Zero results — retrying 'CTO' with extended wait.
2026-03-23 19:00:18  INFO      scrapers — [LinkedIn] Guest API returned 10 result(s) for 'Director of Technology'.
2026-03-23 19:00:19  INFO      scrapers — [RemoteOK] Zero results — retrying 'CTO' with extended wait.
2026-03-23 19:00:19  INFO      scrapers — [Jobicy] Zero results — retrying 'CTO' with extended wait.
2026-03-23 19:00:29  INFO      scrapers — [Adzuna] Zero results — retrying 'CTO' with extended wait.
2026-03-23 19:00:54  WARNING   scrapers — [Glassdoor] Playwright error on https://www.glassdoor.com/Job/jobs.htm?sc.keyword=Head+of+IT&fromAge=1&sort.sortType=date&sort.descending=true: Page.goto: Timeout 35000ms exceeded.
Call log:
  - navigating to "https://www.glassdoor.com/Job/jobs.htm?sc.keyword=Head+of+IT&fromAge=1&sort.sortType=date&sort.descending=true", waiting until "domcontentloaded"

2026-03-23 19:01:22  INFO      scrapers — [Wellfound] Zero results — retrying 'CTO' with extended wait.
2026-03-23 19:01:22  INFO      scrapers — [CareerBuilder] Zero results — retrying 'CTO' with extended wait.
2026-03-23 19:01:28  INFO      scrapers — [Dice] Zero results — retrying 'CTO' with extended wait.
2026-03-23 19:01:29  INFO      scrapers — [ZipRecruiter] Zero results — retrying 'CTO' with extended wait.
2026-03-23 19:01:29  INFO      scrapers — [Monster] Zero results — retrying 'CTO' with extended wait.
2026-03-23 19:01:44  INFO      scrapers — [SimplyHired] Zero results — retrying 'CTO' with extended wait.
2026-03-23 19:01:57  INFO      scrapers —   Indeed → 105 result(s)
2026-03-23 19:01:57  INFO      scrapers —   LinkedIn → 79 result(s)
2026-03-23 19:01:57  INFO      scrapers —   ZipRecruiter → 0 result(s)
2026-03-23 19:01:57  INFO      scrapers —   Glassdoor → 175 result(s)
2026-03-23 19:01:57  INFO      scrapers —   Dice → 0 result(s)
2026-03-23 19:01:57  INFO      scrapers —   SimplyHired → 0 result(s)
2026-03-23 19:01:57  INFO      scrapers —   Monster → 0 result(s)
2026-03-23 19:01:57  INFO      scrapers —   The Muse → 0 result(s)
2026-03-23 19:01:57  INFO      scrapers —   Adzuna → 0 result(s)
2026-03-23 19:01:57  INFO      scrapers —   CareerBuilder → 0 result(s)
2026-03-23 19:01:57  INFO      scrapers —   RemoteOK → 0 result(s)
2026-03-23 19:01:57  INFO      scrapers —   Jobicy → 0 result(s)
2026-03-23 19:01:57  INFO      scrapers —   Builtin → 156 result(s)
2026-03-23 19:01:57  INFO      scrapers —   Wellfound → 0 result(s)
2026-03-23 19:01:57  INFO      scrapers — Fuzzy dedup removed 159 near-duplicate(s).
2026-03-23 19:01:57  INFO      jobhelp — After fuzzy dedup: 356 unique job(s).
2026-03-23 19:01:57  INFO      state — [state] Filtered 299 already-seen job(s).
2026-03-23 19:01:57  INFO      jobhelp — After state filter: 57 new job(s) to report.
2026-03-23 19:01:57  INFO      jobhelp — Keyword filter: removed 8 job(s) matching exclusion list.
2026-03-23 19:01:57  INFO      jobhelp — Geo-priority: 9 NJ/CT/NYC job(s) sorted to top.
2026-03-23 19:01:57  INFO      state — [state] Cached 49 job(s) for dashboard (run_ts=2026-03-23T23:01:57.961453+00:00).
2026-03-23 19:01:59  INFO      email_sender — Email sent to cmoskowitz@gmail.com (49 jobs)
2026-03-23 19:01:59  INFO      state — [state] Run recorded.
2026-03-23 21:00:03  INFO      jobhelp — JobHelp v4 — JobHelp Version 4
2026-03-23 21:00:03  INFO      state — [state] Last run was 2.0h ago — using 2h window.
2026-03-23 21:00:03  INFO      jobhelp — Search window: last 2 hour(s).
2026-03-23 21:00:05  INFO      scrapers — Scraper enabled: Indeed
2026-03-23 21:00:05  INFO      scrapers — Scraper enabled: LinkedIn
2026-03-23 21:00:05  INFO      scrapers — Scraper enabled: ZipRecruiter
2026-03-23 21:00:05  INFO      scrapers — Scraper enabled: Glassdoor
2026-03-23 21:00:05  INFO      scrapers — Scraper enabled: Dice
2026-03-23 21:00:05  INFO      scrapers — Scraper enabled: SimplyHired
2026-03-23 21:00:05  INFO      scrapers — Scraper enabled: Monster
2026-03-23 21:00:05  INFO      scrapers — Scraper enabled: The Muse
2026-03-23 21:00:05  INFO      scrapers — Scraper enabled: Adzuna
2026-03-23 21:00:05  INFO      scrapers — Scraper enabled: CareerBuilder
2026-03-23 21:00:05  INFO      scrapers — Scraper enabled: RemoteOK
2026-03-23 21:00:05  INFO      scrapers — Scraper enabled: Jobicy
2026-03-23 21:00:05  INFO      scrapers — Scraper enabled: Builtin
2026-03-23 21:00:05  INFO      scrapers — Scraper enabled: Wellfound
2026-03-23 21:00:05  INFO      scrapers — JobHelp v4 — 14 board(s) × 8 title(s) [parallel]
2026-03-23 21:00:05  INFO      scrapers — [LinkedIn] Guest API empty for 'CTO', trying Playwright.
2026-03-23 21:00:14  INFO      scrapers — [LinkedIn] Guest API empty for 'CIO', trying Playwright.
2026-03-23 21:00:18  INFO      scrapers — [The Muse] Zero results — retrying 'CTO' with extended wait.
2026-03-23 21:00:20  INFO      scrapers — [RemoteOK] Zero results — retrying 'CTO' with extended wait.
2026-03-23 21:00:20  INFO      scrapers — [Jobicy] Zero results — retrying 'CTO' with extended wait.
2026-03-23 21:00:23  INFO      scrapers — [LinkedIn] Guest API empty for 'VP of Technology', trying Playwright.
2026-03-23 21:00:29  INFO      scrapers — [Adzuna] Zero results — retrying 'CTO' with extended wait.
2026-03-23 21:00:34  INFO      scrapers — [LinkedIn] Guest API empty for 'Head of IT', trying Playwright.
2026-03-23 21:00:47  INFO      scrapers — [LinkedIn] Guest API empty for 'Head of Infrastructure', trying Playwright.
2026-03-23 21:00:58  INFO      scrapers — [LinkedIn] Guest API empty for 'SVP of Technology', trying Playwright.
2026-03-23 21:01:07  INFO      scrapers — [LinkedIn] Guest API empty for 'EUC', trying Playwright.
2026-03-23 21:01:17  INFO      scrapers — [LinkedIn] Guest API empty for 'Director of Technology', trying Playwright.
2026-03-23 21:01:24  INFO      scrapers — [Wellfound] Zero results — retrying 'CTO' with extended wait.
2026-03-23 21:01:24  INFO      scrapers — [CareerBuilder] Zero results — retrying 'CTO' with extended wait.
2026-03-23 21:01:29  INFO      scrapers — [ZipRecruiter] Zero results — retrying 'CTO' with extended wait.
2026-03-23 21:01:29  INFO      scrapers — [Dice] Zero results — retrying 'CTO' with extended wait.
2026-03-23 21:01:30  INFO      scrapers — [Monster] Zero results — retrying 'CTO' with extended wait.
2026-03-23 21:01:45  INFO      scrapers — [SimplyHired] Zero results — retrying 'CTO' with extended wait.
2026-03-23 21:01:59  INFO      scrapers —   Indeed → 110 result(s)
2026-03-23 21:01:59  INFO      scrapers —   LinkedIn → 9 result(s)
2026-03-23 21:01:59  INFO      scrapers —   ZipRecruiter → 0 result(s)
2026-03-23 21:01:59  INFO      scrapers —   Glassdoor → 175 result(s)
2026-03-23 21:01:59  INFO      scrapers —   Dice → 0 result(s)
2026-03-23 21:01:59  INFO      scrapers —   SimplyHired → 0 result(s)
2026-03-23 21:01:59  INFO      scrapers —   Monster → 0 result(s)
2026-03-23 21:01:59  INFO      scrapers —   The Muse → 0 result(s)
2026-03-23 21:01:59  INFO      scrapers —   Adzuna → 0 result(s)
2026-03-23 21:01:59  INFO      scrapers —   CareerBuilder → 0 result(s)
2026-03-23 21:01:59  INFO      scrapers —   RemoteOK → 0 result(s)
2026-03-23 21:01:59  INFO      scrapers —   Jobicy → 0 result(s)
2026-03-23 21:01:59  INFO      scrapers —   Builtin → 156 result(s)
2026-03-23 21:01:59  INFO      scrapers —   Wellfound → 0 result(s)
2026-03-23 21:01:59  INFO      scrapers — Fuzzy dedup removed 100 near-duplicate(s).
2026-03-23 21:01:59  INFO      jobhelp — After fuzzy dedup: 350 unique job(s).
2026-03-23 21:01:59  INFO      state — [state] Filtered 284 already-seen job(s).
2026-03-23 21:01:59  INFO      jobhelp — After state filter: 66 new job(s) to report.
2026-03-23 21:01:59  INFO      jobhelp — Keyword filter: removed 11 job(s) matching exclusion list.
2026-03-23 21:01:59  INFO      jobhelp — Geo-priority: 3 NJ/CT/NYC job(s) sorted to top.
2026-03-23 21:01:59  INFO      state — [state] Cached 55 job(s) for dashboard (run_ts=2026-03-24T01:01:59.907333+00:00).
2026-03-23 21:02:00  INFO      email_sender — Email sent to cmoskowitz@gmail.com (55 jobs)
2026-03-23 21:02:00  INFO      state — [state] Run recorded.
2026-03-24 07:00:06  INFO      jobhelp — JobHelp v4 — JobHelp Version 4
2026-03-24 07:00:06  INFO      state — [state] No prior run today — using 24h window.
2026-03-24 07:00:06  INFO      jobhelp — Search window: last 24 hour(s).
2026-03-24 07:00:10  INFO      scrapers — Scraper enabled: Indeed
2026-03-24 07:00:10  INFO      scrapers — Scraper enabled: LinkedIn
2026-03-24 07:00:10  INFO      scrapers — Scraper enabled: ZipRecruiter
2026-03-24 07:00:10  INFO      scrapers — Scraper enabled: Glassdoor
2026-03-24 07:00:10  INFO      scrapers — Scraper enabled: Dice
2026-03-24 07:00:10  INFO      scrapers — Scraper enabled: SimplyHired
2026-03-24 07:00:10  INFO      scrapers — Scraper enabled: Monster
2026-03-24 07:00:10  INFO      scrapers — Scraper enabled: The Muse
2026-03-24 07:00:10  INFO      scrapers — Scraper enabled: Adzuna
2026-03-24 07:00:10  INFO      scrapers — Scraper enabled: CareerBuilder
2026-03-24 07:00:10  INFO      scrapers — Scraper enabled: RemoteOK
2026-03-24 07:00:10  INFO      scrapers — Scraper enabled: Jobicy
2026-03-24 07:00:10  INFO      scrapers — Scraper enabled: Builtin
2026-03-24 07:00:10  INFO      scrapers — Scraper enabled: Wellfound
2026-03-24 07:00:10  INFO      scrapers — JobHelp v4 — 14 board(s) × 8 title(s) [parallel]
2026-03-24 07:00:10  INFO      scrapers — [LinkedIn] Guest API returned 3 result(s) for 'CTO'.
2026-03-24 07:00:12  INFO      scrapers — [LinkedIn] Guest API returned 2 result(s) for 'CIO'.
2026-03-24 07:00:15  INFO      scrapers — [LinkedIn] Guest API returned 5 result(s) for 'VP of Technology'.
2026-03-24 07:00:17  INFO      scrapers — [LinkedIn] Guest API returned 2 result(s) for 'Head of IT'.
2026-03-24 07:00:19  INFO      scrapers — [LinkedIn] Guest API returned 1 result(s) for 'Head of Infrastructure'.
2026-03-24 07:00:21  INFO      scrapers — [LinkedIn] Guest API returned 6 result(s) for 'SVP of Technology'.
2026-03-24 07:00:23  INFO      scrapers — [LinkedIn] Guest API returned 1 result(s) for 'EUC'.
2026-03-24 07:00:23  INFO      scrapers — [The Muse] Zero results — retrying 'CTO' with extended wait.
2026-03-24 07:00:25  INFO      scrapers — [LinkedIn] Guest API returned 4 result(s) for 'Director of Technology'.
2026-03-24 07:00:25  INFO      scrapers — [RemoteOK] Zero results — retrying 'CTO' with extended wait.
2026-03-24 07:01:29  INFO      scrapers — [Wellfound] Zero results — retrying 'CTO' with extended wait.
2026-03-24 07:01:29  INFO      scrapers — [CareerBuilder] Zero results — retrying 'CTO' with extended wait.
2026-03-24 07:01:34  INFO      scrapers — [Dice] Zero results — retrying 'CTO' with extended wait.
2026-03-24 07:01:35  INFO      scrapers — [ZipRecruiter] Zero results — retrying 'CTO' with extended wait.
2026-03-24 07:01:36  INFO      scrapers — [Monster] Zero results — retrying 'CTO' with extended wait.
2026-03-24 07:01:49  INFO      scrapers — [SimplyHired] Zero results — retrying 'CTO' with extended wait.
2026-03-24 07:02:02  INFO      scrapers —   Indeed → 87 result(s)
2026-03-24 07:02:02  INFO      scrapers —   LinkedIn → 24 result(s)
2026-03-24 07:02:02  INFO      scrapers —   ZipRecruiter → 0 result(s)
2026-03-24 07:02:02  INFO      scrapers —   Glassdoor → 200 result(s)
2026-03-24 07:02:02  INFO      scrapers —   Dice → 0 result(s)
2026-03-24 07:02:02  INFO      scrapers —   SimplyHired → 0 result(s)
2026-03-24 07:02:02  INFO      scrapers —   Monster → 0 result(s)
2026-03-24 07:02:02  INFO      scrapers —   The Muse → 0 result(s)
2026-03-24 07:02:02  INFO      scrapers —   Adzuna → 106 result(s)
2026-03-24 07:02:02  INFO      scrapers —   CareerBuilder → 0 result(s)
2026-03-24 07:02:02  INFO      scrapers —   RemoteOK → 0 result(s)
2026-03-24 07:02:02  INFO      scrapers —   Jobicy → 2 result(s)
2026-03-24 07:02:02  INFO      scrapers —   Builtin → 157 result(s)
2026-03-24 07:02:02  INFO      scrapers —   Wellfound → 0 result(s)
2026-03-24 07:02:03  INFO      scrapers — Fuzzy dedup removed 142 near-duplicate(s).
2026-03-24 07:02:03  INFO      jobhelp — After fuzzy dedup: 434 unique job(s).
2026-03-24 07:02:03  INFO      state — [state] Filtered 218 already-seen job(s).
2026-03-24 07:02:03  INFO      jobhelp — After state filter: 216 new job(s) to report.
2026-03-24 07:02:03  INFO      jobhelp — Keyword filter: removed 11 job(s) matching exclusion list.
2026-03-24 07:02:03  INFO      jobhelp — Geo-priority: 19 NJ/CT/NYC job(s) sorted to top.
2026-03-24 07:02:03  INFO      state — [state] Cached 205 job(s) for dashboard (run_ts=2026-03-24T11:02:03.269592+00:00).
2026-03-24 07:02:04  INFO      email_sender — Email sent to cmoskowitz@gmail.com (205 jobs)
2026-03-24 07:02:04  INFO      state — [state] Run recorded.
2026-03-24 09:00:05  INFO      jobhelp — JobHelp v4 — JobHelp Version 4
2026-03-24 09:00:05  INFO      state — [state] Last run was 2.0h ago — using 2h window.
2026-03-24 09:00:05  INFO      jobhelp — Search window: last 2 hour(s).
2026-03-24 09:00:10  INFO      scrapers — Scraper enabled: Indeed
2026-03-24 09:00:10  INFO      scrapers — Scraper enabled: LinkedIn
2026-03-24 09:00:10  INFO      scrapers — Scraper enabled: ZipRecruiter
2026-03-24 09:00:10  INFO      scrapers — Scraper enabled: Glassdoor
2026-03-24 09:00:10  INFO      scrapers — Scraper enabled: Dice
2026-03-24 09:00:10  INFO      scrapers — Scraper enabled: SimplyHired
2026-03-24 09:00:10  INFO      scrapers — Scraper enabled: Monster
2026-03-24 09:00:10  INFO      scrapers — Scraper enabled: The Muse
2026-03-24 09:00:10  INFO      scrapers — Scraper enabled: Adzuna
2026-03-24 09:00:10  INFO      scrapers — Scraper enabled: CareerBuilder
2026-03-24 09:00:10  INFO      scrapers — Scraper enabled: RemoteOK
2026-03-24 09:00:10  INFO      scrapers — Scraper enabled: Jobicy
2026-03-24 09:00:10  INFO      scrapers — Scraper enabled: Builtin
2026-03-24 09:00:10  INFO      scrapers — Scraper enabled: Wellfound
2026-03-24 09:00:10  INFO      scrapers — JobHelp v4 — 14 board(s) × 8 title(s) [parallel]
2026-03-24 09:00:10  INFO      scrapers — [LinkedIn] Guest API returned 3 result(s) for 'CTO'.
2026-03-24 09:00:12  INFO      scrapers — [LinkedIn] Guest API returned 3 result(s) for 'CIO'.
2026-03-24 09:00:14  INFO      scrapers — [LinkedIn] Guest API returned 5 result(s) for 'VP of Technology'.
2026-03-24 09:00:16  INFO      scrapers — [LinkedIn] Guest API returned 2 result(s) for 'Head of IT'.
2026-03-24 09:00:18  INFO      scrapers — [LinkedIn] Guest API returned 1 result(s) for 'Head of Infrastructure'.
2026-03-24 09:00:20  INFO      scrapers — [LinkedIn] Guest API returned 7 result(s) for 'SVP of Technology'.
2026-03-24 09:00:22  INFO      scrapers — [LinkedIn] Guest API returned 2 result(s) for 'EUC'.
2026-03-24 09:00:23  INFO      scrapers — [The Muse] Zero results — retrying 'CTO' with extended wait.
2026-03-24 09:00:24  INFO      scrapers — [LinkedIn] Guest API returned 5 result(s) for 'Director of Technology'.
2026-03-24 09:00:25  INFO      scrapers — [RemoteOK] Zero results — retrying 'CTO' with extended wait.
2026-03-24 09:00:25  INFO      scrapers — [Jobicy] Zero results — retrying 'CTO' with extended wait.
2026-03-24 09:00:33  INFO      scrapers — [Adzuna] Zero results — retrying 'CTO' with extended wait.
2026-03-24 09:01:28  INFO      scrapers — [Wellfound] Zero results — retrying 'CTO' with extended wait.
2026-03-24 09:01:28  INFO      scrapers — [CareerBuilder] Zero results — retrying 'CTO' with extended wait.
2026-03-24 09:01:33  INFO      scrapers — [Monster] Zero results — retrying 'CTO' with extended wait.
2026-03-24 09:01:34  INFO      scrapers — [Dice] Zero results — retrying 'CTO' with extended wait.
2026-03-24 09:01:34  INFO      scrapers — [ZipRecruiter] Zero results — retrying 'CTO' with extended wait.
2026-03-24 09:01:47  INFO      scrapers — [SimplyHired] Zero results — retrying 'CTO' with extended wait.
2026-03-24 09:01:51  WARNING   scrapers — [Indeed] Playwright error on https://www.indeed.com/jobs?q=EUC&sort=date&fromage=1&l=: Page.goto: Timeout 35000ms exceeded.
Call log:
  - navigating to "https://www.indeed.com/jobs?q=EUC&sort=date&fromage=1&l=", waiting until "domcontentloaded"

2026-03-24 09:02:03  INFO      scrapers —   Indeed → 101 result(s)
2026-03-24 09:02:03  INFO      scrapers —   LinkedIn → 28 result(s)
2026-03-24 09:02:03  INFO      scrapers —   ZipRecruiter → 0 result(s)
2026-03-24 09:02:03  INFO      scrapers —   Glassdoor → 200 result(s)
2026-03-24 09:02:03  INFO      scrapers —   Dice → 0 result(s)
2026-03-24 09:02:03  INFO      scrapers —   SimplyHired → 0 result(s)
2026-03-24 09:02:03  INFO      scrapers —   Monster → 0 result(s)
2026-03-24 09:02:03  INFO      scrapers —   The Muse → 0 result(s)
2026-03-24 09:02:03  INFO      scrapers —   Adzuna → 0 result(s)
2026-03-24 09:02:03  INFO      scrapers —   CareerBuilder → 0 result(s)
2026-03-24 09:02:03  INFO      scrapers —   RemoteOK → 0 result(s)
2026-03-24 09:02:03  INFO      scrapers —   Jobicy → 0 result(s)
2026-03-24 09:02:03  INFO      scrapers —   Builtin → 156 result(s)
2026-03-24 09:02:03  INFO      scrapers —   Wellfound → 0 result(s)
2026-03-24 09:02:04  INFO      scrapers — Fuzzy dedup removed 118 near-duplicate(s).
2026-03-24 09:02:04  INFO      jobhelp — After fuzzy dedup: 367 unique job(s).
2026-03-24 09:02:04  INFO      state — [state] Filtered 303 already-seen job(s).
2026-03-24 09:02:04  INFO      jobhelp — After state filter: 64 new job(s) to report.
2026-03-24 09:02:04  INFO      jobhelp — Keyword filter: removed 12 job(s) matching exclusion list.
2026-03-24 09:02:04  INFO      jobhelp — Geo-priority: 4 NJ/CT/NYC job(s) sorted to top.
2026-03-24 09:02:04  INFO      state — [state] Cached 52 job(s) for dashboard (run_ts=2026-03-24T13:02:04.088187+00:00).
2026-03-24 09:02:06  INFO      email_sender — Email sent to cmoskowitz@gmail.com (52 jobs)
2026-03-24 09:02:06  INFO      state — [state] Run recorded.
2026-03-24 11:00:02  INFO      jobhelp — JobHelp v4 — JobHelp Version 4
2026-03-24 11:00:02  INFO      state — [state] Last run was 2.0h ago — using 2h window.
2026-03-24 11:00:02  INFO      jobhelp — Search window: last 2 hour(s).
2026-03-24 11:00:03  INFO      scrapers — Scraper enabled: Indeed
2026-03-24 11:00:03  INFO      scrapers — Scraper enabled: LinkedIn
2026-03-24 11:00:03  INFO      scrapers — Scraper enabled: ZipRecruiter
2026-03-24 11:00:03  INFO      scrapers — Scraper enabled: Glassdoor
2026-03-24 11:00:03  INFO      scrapers — Scraper enabled: Dice
2026-03-24 11:00:03  INFO      scrapers — Scraper enabled: SimplyHired
2026-03-24 11:00:03  INFO      scrapers — Scraper enabled: Monster
2026-03-24 11:00:03  INFO      scrapers — Scraper enabled: The Muse
2026-03-24 11:00:03  INFO      scrapers — Scraper enabled: Adzuna
2026-03-24 11:00:03  INFO      scrapers — Scraper enabled: CareerBuilder
2026-03-24 11:00:03  INFO      scrapers — Scraper enabled: RemoteOK
2026-03-24 11:00:03  INFO      scrapers — Scraper enabled: Jobicy
2026-03-24 11:00:03  INFO      scrapers — Scraper enabled: Builtin
2026-03-24 11:00:03  INFO      scrapers — Scraper enabled: Wellfound
2026-03-24 11:00:03  INFO      scrapers — JobHelp v4 — 14 board(s) × 8 title(s) [parallel]
2026-03-24 11:00:04  INFO      scrapers — [LinkedIn] Guest API returned 3 result(s) for 'CTO'.
2026-03-24 11:00:06  INFO      scrapers — [LinkedIn] Guest API returned 3 result(s) for 'CIO'.
2026-03-24 11:00:08  INFO      scrapers — [LinkedIn] Guest API returned 5 result(s) for 'VP of Technology'.
2026-03-24 11:00:10  INFO      scrapers — [LinkedIn] Guest API returned 3 result(s) for 'Head of IT'.
2026-03-24 11:00:12  INFO      scrapers — [LinkedIn] Guest API returned 2 result(s) for 'Head of Infrastructure'.
2026-03-24 11:00:14  INFO      scrapers — [LinkedIn] Guest API returned 6 result(s) for 'SVP of Technology'.
2026-03-24 11:00:16  INFO      scrapers — [LinkedIn] Guest API returned 7 result(s) for 'EUC'.
2026-03-24 11:00:16  INFO      scrapers — [The Muse] Zero results — retrying 'CTO' with extended wait.
2026-03-24 11:00:18  INFO      scrapers — [LinkedIn] Guest API returned 5 result(s) for 'Director of Technology'.
2026-03-24 11:00:19  INFO      scrapers — [RemoteOK] Zero results — retrying 'CTO' with extended wait.
2026-03-24 11:00:19  INFO      scrapers — [Jobicy] Zero results — retrying 'CTO' with extended wait.
2026-03-24 11:00:32  INFO      scrapers — [Adzuna] Zero results — retrying 'CTO' with extended wait.
2026-03-24 11:01:22  INFO      scrapers — [Wellfound] Zero results — retrying 'CTO' with extended wait.
2026-03-24 11:01:22  INFO      scrapers — [CareerBuilder] Zero results — retrying 'CTO' with extended wait.
2026-03-24 11:01:28  INFO      scrapers — [Dice] Zero results — retrying 'CTO' with extended wait.
2026-03-24 11:01:28  INFO      scrapers — [Monster] Zero results — retrying 'CTO' with extended wait.
2026-03-24 11:01:28  INFO      scrapers — [ZipRecruiter] Zero results — retrying 'CTO' with extended wait.
2026-03-24 11:01:41  INFO      scrapers — [SimplyHired] Zero results — retrying 'CTO' with extended wait.
2026-03-24 11:01:54  INFO      scrapers —   Indeed → 107 result(s)
2026-03-24 11:01:54  INFO      scrapers —   LinkedIn → 34 result(s)
2026-03-24 11:01:54  INFO      scrapers —   ZipRecruiter → 0 result(s)
2026-03-24 11:01:54  INFO      scrapers —   Glassdoor → 200 result(s)
2026-03-24 11:01:54  INFO      scrapers —   Dice → 0 result(s)
2026-03-24 11:01:54  INFO      scrapers —   SimplyHired → 0 result(s)
2026-03-24 11:01:54  INFO      scrapers —   Monster → 0 result(s)
2026-03-24 11:01:54  INFO      scrapers —   The Muse → 0 result(s)
2026-03-24 11:01:54  INFO      scrapers —   Adzuna → 0 result(s)
2026-03-24 11:01:54  INFO      scrapers —   CareerBuilder → 0 result(s)
2026-03-24 11:01:54  INFO      scrapers —   RemoteOK → 0 result(s)
2026-03-24 11:01:54  INFO      scrapers —   Jobicy → 0 result(s)
2026-03-24 11:01:54  INFO      scrapers —   Builtin → 157 result(s)
2026-03-24 11:01:54  INFO      scrapers —   Wellfound → 0 result(s)
2026-03-24 11:01:55  INFO      scrapers — Fuzzy dedup removed 128 near-duplicate(s).
2026-03-24 11:01:55  INFO      jobhelp — After fuzzy dedup: 370 unique job(s).
2026-03-24 11:01:55  INFO      state — [state] Filtered 299 already-seen job(s).
2026-03-24 11:01:55  INFO      jobhelp — After state filter: 71 new job(s) to report.
2026-03-24 11:01:55  INFO      jobhelp — Keyword filter: removed 9 job(s) matching exclusion list.
2026-03-24 11:01:55  INFO      jobhelp — Geo-priority: 8 NJ/CT/NYC job(s) sorted to top.
2026-03-24 11:01:55  INFO      state — [state] Cached 62 job(s) for dashboard (run_ts=2026-03-24T15:01:55.056624+00:00).
2026-03-24 11:01:57  INFO      email_sender — Email sent to cmoskowitz@gmail.com (62 jobs)
2026-03-24 11:01:57  INFO      state — [state] Run recorded.
2026-03-24 13:00:01  INFO      jobhelp — JobHelp v4 — JobHelp Version 4
2026-03-24 13:00:01  INFO      state — [state] Last run was 2.0h ago — using 2h window.
2026-03-24 13:00:01  INFO      jobhelp — Search window: last 2 hour(s).
2026-03-24 13:00:03  INFO      scrapers — Scraper enabled: Indeed
2026-03-24 13:00:03  INFO      scrapers — Scraper enabled: LinkedIn
2026-03-24 13:00:03  INFO      scrapers — Scraper enabled: ZipRecruiter
2026-03-24 13:00:03  INFO      scrapers — Scraper enabled: Glassdoor
2026-03-24 13:00:03  INFO      scrapers — Scraper enabled: Dice
2026-03-24 13:00:03  INFO      scrapers — Scraper enabled: SimplyHired
2026-03-24 13:00:03  INFO      scrapers — Scraper enabled: Monster
2026-03-24 13:00:03  INFO      scrapers — Scraper enabled: The Muse
2026-03-24 13:00:03  INFO      scrapers — Scraper enabled: Adzuna
2026-03-24 13:00:03  INFO      scrapers — Scraper enabled: CareerBuilder
2026-03-24 13:00:03  INFO      scrapers — Scraper enabled: RemoteOK
2026-03-24 13:00:03  INFO      scrapers — Scraper enabled: Jobicy
2026-03-24 13:00:03  INFO      scrapers — Scraper enabled: Builtin
2026-03-24 13:00:03  INFO      scrapers — Scraper enabled: Wellfound
2026-03-24 13:00:03  INFO      scrapers — JobHelp v4 — 14 board(s) × 8 title(s) [parallel]
2026-03-24 13:00:03  INFO      scrapers — [LinkedIn] Guest API returned 4 result(s) for 'CTO'.
2026-03-24 13:00:05  INFO      scrapers — [LinkedIn] Guest API returned 5 result(s) for 'CIO'.
2026-03-24 13:00:07  INFO      scrapers — [LinkedIn] Guest API returned 7 result(s) for 'VP of Technology'.
2026-03-24 13:00:09  INFO      scrapers — [LinkedIn] Guest API returned 8 result(s) for 'Head of IT'.
2026-03-24 13:00:11  INFO      scrapers — [LinkedIn] Guest API returned 7 result(s) for 'Head of Infrastructure'.
2026-03-24 13:00:13  INFO      scrapers — [LinkedIn] Guest API returned 8 result(s) for 'SVP of Technology'.
2026-03-24 13:00:15  INFO      scrapers — [LinkedIn] Guest API returned 10 result(s) for 'EUC'.
2026-03-24 13:00:17  INFO      scrapers — [The Muse] Zero results — retrying 'CTO' with extended wait.
2026-03-24 13:00:18  INFO      scrapers — [LinkedIn] Guest API returned 7 result(s) for 'Director of Technology'.
2026-03-24 13:00:18  INFO      scrapers — [RemoteOK] Zero results — retrying 'CTO' with extended wait.
2026-03-24 13:00:19  INFO      scrapers — [Jobicy] Zero results — retrying 'CTO' with extended wait.
2026-03-24 13:00:30  INFO      scrapers — [Adzuna] Zero results — retrying 'CTO' with extended wait.
2026-03-24 13:01:22  INFO      scrapers — [Wellfound] Zero results — retrying 'CTO' with extended wait.
2026-03-24 13:01:22  INFO      scrapers — [CareerBuilder] Zero results — retrying 'CTO' with extended wait.
2026-03-24 13:01:28  INFO      scrapers — [Monster] Zero results — retrying 'CTO' with extended wait.
2026-03-24 13:01:29  WARNING   scrapers — [SimplyHired] Playwright error on https://www.simplyhired.com/search?q=Head+of+Infrastructure&l=&dateposted=1: Page.goto: Timeout 35000ms exceeded.
Call log:
  - navigating to "https://www.simplyhired.com/search?q=Head+of+Infrastructure&l=&dateposted=1", waiting until "domcontentloaded"

2026-03-24 13:01:29  INFO      scrapers — [ZipRecruiter] Zero results — retrying 'CTO' with extended wait.
2026-03-24 13:01:29  INFO      scrapers — [Dice] Zero results — retrying 'CTO' with extended wait.
2026-03-24 13:02:09  INFO      scrapers — [SimplyHired] Zero results — retrying 'CTO' with extended wait.
2026-03-24 13:02:24  INFO      scrapers —   Indeed → 115 result(s)
2026-03-24 13:02:24  INFO      scrapers —   LinkedIn → 56 result(s)
2026-03-24 13:02:24  INFO      scrapers —   ZipRecruiter → 0 result(s)
2026-03-24 13:02:24  INFO      scrapers —   Glassdoor → 175 result(s)
2026-03-24 13:02:24  INFO      scrapers —   Dice → 0 result(s)
2026-03-24 13:02:24  INFO      scrapers —   SimplyHired → 0 result(s)
2026-03-24 13:02:24  INFO      scrapers —   Monster → 0 result(s)
2026-03-24 13:02:24  INFO      scrapers —   The Muse → 0 result(s)
2026-03-24 13:02:24  INFO      scrapers —   Adzuna → 0 result(s)
2026-03-24 13:02:24  INFO      scrapers —   CareerBuilder → 0 result(s)
2026-03-24 13:02:24  INFO      scrapers —   RemoteOK → 0 result(s)
2026-03-24 13:02:24  INFO      scrapers —   Jobicy → 0 result(s)
2026-03-24 13:02:24  INFO      scrapers —   Builtin → 158 result(s)
2026-03-24 13:02:24  INFO      scrapers —   Wellfound → 0 result(s)
2026-03-24 13:02:24  INFO      scrapers — Fuzzy dedup removed 121 near-duplicate(s).
2026-03-24 13:02:24  INFO      jobhelp — After fuzzy dedup: 383 unique job(s).
2026-03-24 13:02:24  INFO      state — [state] Filtered 250 already-seen job(s).
2026-03-24 13:02:24  INFO      jobhelp — After state filter: 133 new job(s) to report.
2026-03-24 13:02:24  INFO      jobhelp — Keyword filter: removed 8 job(s) matching exclusion list.
2026-03-24 13:02:24  INFO      jobhelp — Geo-priority: 9 NJ/CT/NYC job(s) sorted to top.
2026-03-24 13:02:24  INFO      state — [state] Cached 125 job(s) for dashboard (run_ts=2026-03-24T17:02:24.250862+00:00).
2026-03-24 13:02:27  INFO      email_sender — Email sent to cmoskowitz@gmail.com (125 jobs)
2026-03-24 13:02:27  INFO      state — [state] Run recorded.
2026-03-24 15:00:02  INFO      jobhelp — JobHelp v4 — JobHelp Version 4
2026-03-24 15:00:02  INFO      state — [state] Last run was 2.0h ago — using 2h window.
2026-03-24 15:00:02  INFO      jobhelp — Search window: last 2 hour(s).
2026-03-24 15:00:03  INFO      scrapers — Scraper enabled: Indeed
2026-03-24 15:00:03  INFO      scrapers — Scraper enabled: LinkedIn
2026-03-24 15:00:03  INFO      scrapers — Scraper enabled: ZipRecruiter
2026-03-24 15:00:03  INFO      scrapers — Scraper enabled: Glassdoor
2026-03-24 15:00:03  INFO      scrapers — Scraper enabled: Dice
2026-03-24 15:00:03  INFO      scrapers — Scraper enabled: SimplyHired
2026-03-24 15:00:03  INFO      scrapers — Scraper enabled: Monster
2026-03-24 15:00:03  INFO      scrapers — Scraper enabled: The Muse
2026-03-24 15:00:03  INFO      scrapers — Scraper enabled: Adzuna
2026-03-24 15:00:03  INFO      scrapers — Scraper enabled: CareerBuilder
2026-03-24 15:00:03  INFO      scrapers — Scraper enabled: RemoteOK
2026-03-24 15:00:03  INFO      scrapers — Scraper enabled: Jobicy
2026-03-24 15:00:03  INFO      scrapers — Scraper enabled: Builtin
2026-03-24 15:00:03  INFO      scrapers — Scraper enabled: Wellfound
2026-03-24 15:00:03  INFO      scrapers — JobHelp v4 — 14 board(s) × 8 title(s) [parallel]
2026-03-24 15:00:04  INFO      scrapers — [LinkedIn] Guest API returned 7 result(s) for 'CTO'.
2026-03-24 15:00:05  INFO      scrapers — [LinkedIn] Guest API returned 8 result(s) for 'CIO'.
2026-03-24 15:00:07  INFO      scrapers — [LinkedIn] Guest API returned 10 result(s) for 'VP of Technology'.
2026-03-24 15:00:09  INFO      scrapers — [LinkedIn] Guest API returned 8 result(s) for 'Head of IT'.
2026-03-24 15:00:11  INFO      scrapers — [LinkedIn] Guest API returned 7 result(s) for 'Head of Infrastructure'.
2026-03-24 15:00:13  INFO      scrapers — [LinkedIn] Guest API returned 10 result(s) for 'SVP of Technology'.
2026-03-24 15:00:15  INFO      scrapers — [LinkedIn] Guest API returned 10 result(s) for 'EUC'.
2026-03-24 15:00:17  INFO      scrapers — [The Muse] Zero results — retrying 'CTO' with extended wait.
2026-03-24 15:00:17  INFO      scrapers — [LinkedIn] Guest API returned 7 result(s) for 'Director of Technology'.
2026-03-24 15:00:18  INFO      scrapers — [RemoteOK] Zero results — retrying 'CTO' with extended wait.
2026-03-24 15:00:18  INFO      scrapers — [Jobicy] Zero results — retrying 'CTO' with extended wait.
2026-03-24 15:00:29  INFO      scrapers — [Adzuna] Zero results — retrying 'CTO' with extended wait.
2026-03-24 15:01:21  INFO      scrapers — [Wellfound] Zero results — retrying 'CTO' with extended wait.
2026-03-24 15:01:22  INFO      scrapers — [CareerBuilder] Zero results — retrying 'CTO' with extended wait.
2026-03-24 15:01:26  INFO      scrapers — [Monster] Zero results — retrying 'CTO' with extended wait.
2026-03-24 15:01:27  INFO      scrapers — [ZipRecruiter] Zero results — retrying 'CTO' with extended wait.
2026-03-24 15:01:28  INFO      scrapers — [Dice] Zero results — retrying 'CTO' with extended wait.
2026-03-24 15:02:03  INFO      scrapers — [SimplyHired] Zero results — retrying 'CTO' with extended wait.
2026-03-24 15:02:17  INFO      scrapers —   Indeed → 115 result(s)
2026-03-24 15:02:17  INFO      scrapers —   LinkedIn → 67 result(s)
2026-03-24 15:02:17  INFO      scrapers —   ZipRecruiter → 0 result(s)
2026-03-24 15:02:17  INFO      scrapers —   Glassdoor → 200 result(s)
2026-03-24 15:02:17  INFO      scrapers —   Dice → 0 result(s)
2026-03-24 15:02:17  INFO      scrapers —   SimplyHired → 0 result(s)
2026-03-24 15:02:17  INFO      scrapers —   Monster → 0 result(s)
2026-03-24 15:02:17  INFO      scrapers —   The Muse → 0 result(s)
2026-03-24 15:02:17  INFO      scrapers —   Adzuna → 0 result(s)
2026-03-24 15:02:17  INFO      scrapers —   CareerBuilder → 0 result(s)
2026-03-24 15:02:17  INFO      scrapers —   RemoteOK → 0 result(s)
2026-03-24 15:02:17  INFO      scrapers —   Jobicy → 0 result(s)
2026-03-24 15:02:17  INFO      scrapers —   Builtin → 158 result(s)
2026-03-24 15:02:17  INFO      scrapers —   Wellfound → 0 result(s)
2026-03-24 15:02:17  INFO      scrapers — Fuzzy dedup removed 143 near-duplicate(s).
2026-03-24 15:02:17  INFO      jobhelp — After fuzzy dedup: 397 unique job(s).
2026-03-24 15:02:17  INFO      state — [state] Filtered 324 already-seen job(s).
2026-03-24 15:02:17  INFO      jobhelp — After state filter: 73 new job(s) to report.
2026-03-24 15:02:17  INFO      jobhelp — Keyword filter: removed 9 job(s) matching exclusion list.
2026-03-24 15:02:17  INFO      jobhelp — Geo-priority: 11 NJ/CT/NYC job(s) sorted to top.
2026-03-24 15:02:17  INFO      state — [state] Cached 64 job(s) for dashboard (run_ts=2026-03-24T19:02:17.402495+00:00).
2026-03-24 15:02:18  INFO      email_sender — Email sent to cmoskowitz@gmail.com (64 jobs)
2026-03-24 15:02:18  INFO      state — [state] Run recorded.
2026-03-24 17:00:05  INFO      jobhelp — JobHelp v4 — JobHelp Version 4
2026-03-24 17:00:06  INFO      state — [state] Last run was 2.0h ago — using 2h window.
2026-03-24 17:00:06  INFO      jobhelp — Search window: last 2 hour(s).
2026-03-24 17:00:09  INFO      scrapers — Scraper enabled: Indeed
2026-03-24 17:00:09  INFO      scrapers — Scraper enabled: LinkedIn
2026-03-24 17:00:09  INFO      scrapers — Scraper enabled: ZipRecruiter
2026-03-24 17:00:09  INFO      scrapers — Scraper enabled: Glassdoor
2026-03-24 17:00:09  INFO      scrapers — Scraper enabled: Dice
2026-03-24 17:00:09  INFO      scrapers — Scraper enabled: SimplyHired
2026-03-24 17:00:09  INFO      scrapers — Scraper enabled: Monster
2026-03-24 17:00:09  INFO      scrapers — Scraper enabled: The Muse
2026-03-24 17:00:09  INFO      scrapers — Scraper enabled: Adzuna
2026-03-24 17:00:09  INFO      scrapers — Scraper enabled: CareerBuilder
2026-03-24 17:00:09  INFO      scrapers — Scraper enabled: RemoteOK
2026-03-24 17:00:09  INFO      scrapers — Scraper enabled: Jobicy
2026-03-24 17:00:09  INFO      scrapers — Scraper enabled: Builtin
2026-03-24 17:00:09  INFO      scrapers — Scraper enabled: Wellfound
2026-03-24 17:00:09  INFO      scrapers — JobHelp v4 — 14 board(s) × 8 title(s) [parallel]
2026-03-24 17:00:10  INFO      scrapers — [LinkedIn] Guest API returned 8 result(s) for 'CTO'.
2026-03-24 17:00:12  INFO      scrapers — [LinkedIn] Guest API returned 10 result(s) for 'CIO'.
2026-03-24 17:00:14  INFO      scrapers — [LinkedIn] Guest API returned 10 result(s) for 'VP of Technology'.
2026-03-24 17:00:16  INFO      scrapers — [LinkedIn] Guest API returned 9 result(s) for 'Head of IT'.
2026-03-24 17:00:18  INFO      scrapers — [LinkedIn] Guest API returned 8 result(s) for 'Head of Infrastructure'.
2026-03-24 17:00:20  INFO      scrapers — [LinkedIn] Guest API returned 9 result(s) for 'SVP of Technology'.
2026-03-24 17:00:22  INFO      scrapers — [LinkedIn] Guest API returned 10 result(s) for 'EUC'.
2026-03-24 17:00:23  INFO      scrapers — [The Muse] Zero results — retrying 'CTO' with extended wait.
2026-03-24 17:00:24  INFO      scrapers — [LinkedIn] Guest API returned 7 result(s) for 'Director of Technology'.
2026-03-24 17:00:25  INFO      scrapers — [RemoteOK] Zero results — retrying 'CTO' with extended wait.
2026-03-24 17:00:25  INFO      scrapers — [Jobicy] Zero results — retrying 'CTO' with extended wait.
2026-03-24 17:00:32  INFO      scrapers — [Adzuna] Zero results — retrying 'CTO' with extended wait.
2026-03-24 17:01:28  INFO      scrapers — [Wellfound] Zero results — retrying 'CTO' with extended wait.
2026-03-24 17:01:28  INFO      scrapers — [CareerBuilder] Zero results — retrying 'CTO' with extended wait.
2026-03-24 17:01:35  INFO      scrapers — [ZipRecruiter] Zero results — retrying 'CTO' with extended wait.
2026-03-24 17:01:35  INFO      scrapers — [Dice] Zero results — retrying 'CTO' with extended wait.
2026-03-24 17:01:36  INFO      scrapers — [Monster] Zero results — retrying 'CTO' with extended wait.
2026-03-24 17:02:14  INFO      scrapers — [Glassdoor] Zero results — retrying 'CTO' with extended wait.
2026-03-24 17:04:15  INFO      scrapers — [SimplyHired] Zero results — retrying 'CTO' with extended wait.
2026-03-24 17:04:51  INFO      scrapers —   Indeed → 115 result(s)
2026-03-24 17:04:51  INFO      scrapers —   LinkedIn → 71 result(s)
2026-03-24 17:04:51  INFO      scrapers —   ZipRecruiter → 0 result(s)
2026-03-24 17:04:51  INFO      scrapers —   Glassdoor → 0 result(s)
2026-03-24 17:04:51  INFO      scrapers —   Dice → 0 result(s)
2026-03-24 17:04:51  INFO      scrapers —   SimplyHired → 0 result(s)
2026-03-24 17:04:51  INFO      scrapers —   Monster → 0 result(s)
2026-03-24 17:04:51  INFO      scrapers —   The Muse → 0 result(s)
2026-03-24 17:04:51  INFO      scrapers —   Adzuna → 0 result(s)
2026-03-24 17:04:51  INFO      scrapers —   CareerBuilder → 0 result(s)
2026-03-24 17:04:51  INFO      scrapers —   RemoteOK → 0 result(s)
2026-03-24 17:04:51  INFO      scrapers —   Jobicy → 0 result(s)
2026-03-24 17:04:51  INFO      scrapers —   Builtin → 156 result(s)
2026-03-24 17:04:51  INFO      scrapers —   Wellfound → 0 result(s)
2026-03-24 17:04:51  INFO      scrapers — Fuzzy dedup removed 99 near-duplicate(s).
2026-03-24 17:04:51  INFO      jobhelp — After fuzzy dedup: 243 unique job(s).
2026-03-24 17:04:51  INFO      state — [state] Filtered 196 already-seen job(s).
2026-03-24 17:04:51  INFO      jobhelp — After state filter: 47 new job(s) to report.
2026-03-24 17:04:51  INFO      jobhelp — Keyword filter: removed 6 job(s) matching exclusion list.
2026-03-24 17:04:51  INFO      jobhelp — Geo-priority: 4 NJ/CT/NYC job(s) sorted to top.
2026-03-24 17:04:51  INFO      state — [state] Cached 41 job(s) for dashboard (run_ts=2026-03-24T21:04:51.953165+00:00).
2026-03-24 17:04:52  INFO      email_sender — Email sent to cmoskowitz@gmail.com (41 jobs)
2026-03-24 17:04:53  INFO      state — [state] Run recorded.
2026-03-24 19:00:02  INFO      jobhelp — JobHelp v4 — JobHelp Version 4
2026-03-24 19:00:02  INFO      state — [state] Last run was 1.9h ago — using 2h window.
2026-03-24 19:00:02  INFO      jobhelp — Search window: last 2 hour(s).
2026-03-24 19:00:04  INFO      scrapers — Scraper enabled: Indeed
2026-03-24 19:00:04  INFO      scrapers — Scraper enabled: LinkedIn
2026-03-24 19:00:04  INFO      scrapers — Scraper enabled: ZipRecruiter
2026-03-24 19:00:04  INFO      scrapers — Scraper enabled: Glassdoor
2026-03-24 19:00:04  INFO      scrapers — Scraper enabled: Dice
2026-03-24 19:00:04  INFO      scrapers — Scraper enabled: SimplyHired
2026-03-24 19:00:04  INFO      scrapers — Scraper enabled: Monster
2026-03-24 19:00:04  INFO      scrapers — Scraper enabled: The Muse
2026-03-24 19:00:04  INFO      scrapers — Scraper enabled: Adzuna
2026-03-24 19:00:04  INFO      scrapers — Scraper enabled: CareerBuilder
2026-03-24 19:00:04  INFO      scrapers — Scraper enabled: RemoteOK
2026-03-24 19:00:04  INFO      scrapers — Scraper enabled: Jobicy
2026-03-24 19:00:04  INFO      scrapers — Scraper enabled: Builtin
2026-03-24 19:00:04  INFO      scrapers — Scraper enabled: Wellfound
2026-03-24 19:00:04  INFO      scrapers — JobHelp v4 — 14 board(s) × 8 title(s) [parallel]
2026-03-24 19:00:04  INFO      scrapers — [LinkedIn] Guest API returned 9 result(s) for 'CTO'.
2026-03-24 19:00:06  INFO      scrapers — [LinkedIn] Guest API returned 10 result(s) for 'CIO'.
2026-03-24 19:00:08  INFO      scrapers — [LinkedIn] Guest API returned 10 result(s) for 'VP of Technology'.
2026-03-24 19:00:10  INFO      scrapers — [LinkedIn] Guest API returned 10 result(s) for 'Head of IT'.
2026-03-24 19:00:12  INFO      scrapers — [LinkedIn] Guest API returned 10 result(s) for 'Head of Infrastructure'.
2026-03-24 19:00:14  INFO      scrapers — [LinkedIn] Guest API returned 10 result(s) for 'SVP of Technology'.
2026-03-24 19:00:16  INFO      scrapers — [LinkedIn] Guest API returned 10 result(s) for 'EUC'.
2026-03-24 19:00:17  INFO      scrapers — [The Muse] Zero results — retrying 'CTO' with extended wait.
2026-03-24 19:00:18  INFO      scrapers — [LinkedIn] Guest API returned 10 result(s) for 'Director of Technology'.
2026-03-24 19:00:19  INFO      scrapers — [RemoteOK] Zero results — retrying 'CTO' with extended wait.
2026-03-24 19:00:19  INFO      scrapers — [Jobicy] Zero results — retrying 'CTO' with extended wait.
2026-03-24 19:00:29  INFO      scrapers — [Adzuna] Zero results — retrying 'CTO' with extended wait.
2026-03-24 19:01:22  INFO      scrapers — [Wellfound] Zero results — retrying 'CTO' with extended wait.
2026-03-24 19:01:22  INFO      scrapers — [CareerBuilder] Zero results — retrying 'CTO' with extended wait.
2026-03-24 19:01:29  INFO      scrapers — [Dice] Zero results — retrying 'CTO' with extended wait.
2026-03-24 19:01:29  INFO      scrapers — [ZipRecruiter] Zero results — retrying 'CTO' with extended wait.
2026-03-24 19:01:30  INFO      scrapers — [Monster] Zero results — retrying 'CTO' with extended wait.
2026-03-24 19:01:42  INFO      scrapers — [SimplyHired] Zero results — retrying 'CTO' with extended wait.
2026-03-24 19:01:56  INFO      scrapers —   Indeed → 118 result(s)
2026-03-24 19:01:56  INFO      scrapers —   LinkedIn → 79 result(s)
2026-03-24 19:01:56  INFO      scrapers —   ZipRecruiter → 0 result(s)
2026-03-24 19:01:56  INFO      scrapers —   Glassdoor → 200 result(s)
2026-03-24 19:01:56  INFO      scrapers —   Dice → 0 result(s)
2026-03-24 19:01:56  INFO      scrapers —   SimplyHired → 0 result(s)
2026-03-24 19:01:56  INFO      scrapers —   Monster → 0 result(s)
2026-03-24 19:01:56  INFO      scrapers —   The Muse → 0 result(s)
2026-03-24 19:01:56  INFO      scrapers —   Adzuna → 0 result(s)
2026-03-24 19:01:56  INFO      scrapers —   CareerBuilder → 0 result(s)
2026-03-24 19:01:56  INFO      scrapers —   RemoteOK → 0 result(s)
2026-03-24 19:01:56  INFO      scrapers —   Jobicy → 0 result(s)
2026-03-24 19:01:56  INFO      scrapers —   Builtin → 157 result(s)
2026-03-24 19:01:56  INFO      scrapers —   Wellfound → 0 result(s)
2026-03-24 19:01:56  INFO      scrapers — Fuzzy dedup removed 142 near-duplicate(s).
2026-03-24 19:01:56  INFO      jobhelp — After fuzzy dedup: 412 unique job(s).
2026-03-24 19:01:56  INFO      state — [state] Filtered 334 already-seen job(s).
2026-03-24 19:01:56  INFO      jobhelp — After state filter: 78 new job(s) to report.
2026-03-24 19:01:56  INFO      jobhelp — Keyword filter: removed 11 job(s) matching exclusion list.
2026-03-24 19:01:56  INFO      jobhelp — Geo-priority: 9 NJ/CT/NYC job(s) sorted to top.
2026-03-24 19:01:56  INFO      state — [state] Cached 67 job(s) for dashboard (run_ts=2026-03-24T23:01:56.905103+00:00).
2026-03-24 19:01:58  INFO      email_sender — Email sent to cmoskowitz@gmail.com (67 jobs)
2026-03-24 19:01:58  INFO      state — [state] Run recorded.
2026-03-24 21:00:02  INFO      jobhelp — JobHelp v4 — JobHelp Version 4
2026-03-24 21:00:02  INFO      state — [state] Last run was 2.0h ago — using 2h window.
2026-03-24 21:00:02  INFO      jobhelp — Search window: last 2 hour(s).
2026-03-24 21:00:04  INFO      scrapers — Scraper enabled: Indeed
2026-03-24 21:00:04  INFO      scrapers — Scraper enabled: LinkedIn
2026-03-24 21:00:04  INFO      scrapers — Scraper enabled: ZipRecruiter
2026-03-24 21:00:04  INFO      scrapers — Scraper enabled: Glassdoor
2026-03-24 21:00:04  INFO      scrapers — Scraper enabled: Dice
2026-03-24 21:00:04  INFO      scrapers — Scraper enabled: SimplyHired
2026-03-24 21:00:04  INFO      scrapers — Scraper enabled: Monster
2026-03-24 21:00:04  INFO      scrapers — Scraper enabled: The Muse
2026-03-24 21:00:04  INFO      scrapers — Scraper enabled: Adzuna
2026-03-24 21:00:04  INFO      scrapers — Scraper enabled: CareerBuilder
2026-03-24 21:00:04  INFO      scrapers — Scraper enabled: RemoteOK
2026-03-24 21:00:04  INFO      scrapers — Scraper enabled: Jobicy
2026-03-24 21:00:04  INFO      scrapers — Scraper enabled: Builtin
2026-03-24 21:00:04  INFO      scrapers — Scraper enabled: Wellfound
2026-03-24 21:00:04  INFO      scrapers — JobHelp v4 — 14 board(s) × 8 title(s) [parallel]
2026-03-24 21:00:05  INFO      scrapers — [LinkedIn] Guest API empty for 'CTO', trying Playwright.
2026-03-24 21:00:14  INFO      scrapers — [LinkedIn] Guest API empty for 'CIO', trying Playwright.
2026-03-24 21:00:18  INFO      scrapers — [The Muse] Zero results — retrying 'CTO' with extended wait.
2026-03-24 21:00:19  INFO      scrapers — [RemoteOK] Zero results — retrying 'CTO' with extended wait.
2026-03-24 21:00:20  INFO      scrapers — [Jobicy] Zero results — retrying 'CTO' with extended wait.
2026-03-24 21:00:24  INFO      scrapers — [LinkedIn] Guest API empty for 'VP of Technology', trying Playwright.
2026-03-24 21:00:29  INFO      scrapers — [Adzuna] Zero results — retrying 'CTO' with extended wait.
2026-03-24 21:00:33  INFO      scrapers — [LinkedIn] Guest API empty for 'Head of IT', trying Playwright.
2026-03-24 21:00:46  INFO      scrapers — [LinkedIn] Guest API empty for 'Head of Infrastructure', trying Playwright.
2026-03-24 21:00:55  INFO      scrapers — [LinkedIn] Guest API empty for 'SVP of Technology', trying Playwright.
2026-03-24 21:01:05  INFO      scrapers — [LinkedIn] Guest API empty for 'EUC', trying Playwright.
2026-03-24 21:01:17  INFO      scrapers — [LinkedIn] Guest API empty for 'Director of Technology', trying Playwright.
2026-03-24 21:01:23  INFO      scrapers — [Wellfound] Zero results — retrying 'CTO' with extended wait.
2026-03-24 21:01:23  INFO      scrapers — [CareerBuilder] Zero results — retrying 'CTO' with extended wait.
2026-03-24 21:01:24  INFO      scrapers — [LinkedIn] Zero results — retrying 'CTO' with extended wait.
2026-03-24 21:01:29  INFO      scrapers — [LinkedIn] Guest API empty for 'CTO', trying Playwright.
2026-03-24 21:01:29  INFO      scrapers — [Dice] Zero results — retrying 'CTO' with extended wait.
2026-03-24 21:01:30  INFO      scrapers — [ZipRecruiter] Zero results — retrying 'CTO' with extended wait.
2026-03-24 21:01:31  INFO      scrapers — [Monster] Zero results — retrying 'CTO' with extended wait.
2026-03-24 21:01:42  INFO      scrapers — [SimplyHired] Zero results — retrying 'CTO' with extended wait.
2026-03-24 21:01:56  INFO      scrapers —   Indeed → 119 result(s)
2026-03-24 21:01:56  INFO      scrapers —   LinkedIn → 0 result(s)
2026-03-24 21:01:56  INFO      scrapers —   ZipRecruiter → 0 result(s)
2026-03-24 21:01:56  INFO      scrapers —   Glassdoor → 200 result(s)
2026-03-24 21:01:56  INFO      scrapers —   Dice → 0 result(s)
2026-03-24 21:01:56  INFO      scrapers —   SimplyHired → 0 result(s)
2026-03-24 21:01:56  INFO      scrapers —   Monster → 0 result(s)
2026-03-24 21:01:56  INFO      scrapers —   The Muse → 0 result(s)
2026-03-24 21:01:56  INFO      scrapers —   Adzuna → 0 result(s)
2026-03-24 21:01:56  INFO      scrapers —   CareerBuilder → 0 result(s)
2026-03-24 21:01:56  INFO      scrapers —   RemoteOK → 0 result(s)
2026-03-24 21:01:56  INFO      scrapers —   Jobicy → 0 result(s)
2026-03-24 21:01:56  INFO      scrapers —   Builtin → 157 result(s)
2026-03-24 21:01:56  INFO      scrapers —   Wellfound → 0 result(s)
2026-03-24 21:01:56  INFO      scrapers — Fuzzy dedup removed 114 near-duplicate(s).
2026-03-24 21:01:56  INFO      jobhelp — After fuzzy dedup: 362 unique job(s).
2026-03-24 21:01:56  INFO      state — [state] Filtered 300 already-seen job(s).
2026-03-24 21:01:56  INFO      jobhelp — After state filter: 62 new job(s) to report.
2026-03-24 21:01:56  INFO      jobhelp — Keyword filter: removed 13 job(s) matching exclusion list.
2026-03-24 21:01:56  INFO      jobhelp — Geo-priority: 3 NJ/CT/NYC job(s) sorted to top.
2026-03-24 21:01:56  INFO      state — [state] Cached 49 job(s) for dashboard (run_ts=2026-03-25T01:01:56.877342+00:00).
2026-03-24 21:01:57  INFO      email_sender — Email sent to cmoskowitz@gmail.com (49 jobs)
2026-03-24 21:01:57  INFO      state — [state] Run recorded.
2026-03-25 07:00:06  INFO      jobhelp — JobHelp v4 — JobHelp Version 4
2026-03-25 07:00:06  INFO      state — [state] No prior run today — using 24h window.
2026-03-25 07:00:06  INFO      jobhelp — Search window: last 24 hour(s).
2026-03-25 07:00:10  INFO      scrapers — Scraper enabled: Indeed
2026-03-25 07:00:10  INFO      scrapers — Scraper enabled: LinkedIn
2026-03-25 07:00:10  INFO      scrapers — Scraper enabled: ZipRecruiter
2026-03-25 07:00:10  INFO      scrapers — Scraper enabled: Glassdoor
2026-03-25 07:00:10  INFO      scrapers — Scraper enabled: Dice
2026-03-25 07:00:10  INFO      scrapers — Scraper enabled: SimplyHired
2026-03-25 07:00:10  INFO      scrapers — Scraper enabled: Monster
2026-03-25 07:00:10  INFO      scrapers — Scraper enabled: The Muse
2026-03-25 07:00:10  INFO      scrapers — Scraper enabled: Adzuna
2026-03-25 07:00:10  INFO      scrapers — Scraper enabled: CareerBuilder
2026-03-25 07:00:10  INFO      scrapers — Scraper enabled: RemoteOK
2026-03-25 07:00:10  INFO      scrapers — Scraper enabled: Jobicy
2026-03-25 07:00:10  INFO      scrapers — Scraper enabled: Builtin
2026-03-25 07:00:10  INFO      scrapers — Scraper enabled: Wellfound
2026-03-25 07:00:10  INFO      scrapers — JobHelp v4 — 14 board(s) × 8 title(s) [parallel]
2026-03-25 07:00:10  INFO      scrapers — [LinkedIn] Guest API returned 2 result(s) for 'CTO'.
2026-03-25 07:00:12  INFO      scrapers — [LinkedIn] Guest API returned 2 result(s) for 'CIO'.
2026-03-25 07:00:14  INFO      scrapers — [LinkedIn] Guest API returned 1 result(s) for 'VP of Technology'.
2026-03-25 07:00:16  INFO      scrapers — [LinkedIn] Guest API returned 1 result(s) for 'Head of IT'.
2026-03-25 07:00:18  INFO      scrapers — [LinkedIn] Guest API empty for 'Head of Infrastructure', trying Playwright.
2026-03-25 07:00:23  INFO      scrapers — [The Muse] Zero results — retrying 'CTO' with extended wait.
2026-03-25 07:00:25  INFO      scrapers — [RemoteOK] Zero results — retrying 'CTO' with extended wait.
2026-03-25 07:00:25  INFO      scrapers — [Jobicy] Zero results — retrying 'CTO' with extended wait.
2026-03-25 07:00:29  INFO      scrapers — [LinkedIn] Guest API empty for 'SVP of Technology', trying Playwright.
2026-03-25 07:00:42  INFO      scrapers — [LinkedIn] Guest API returned 1 result(s) for 'EUC'.
2026-03-25 07:00:44  INFO      scrapers — [LinkedIn] Guest API returned 3 result(s) for 'Director of Technology'.
2026-03-25 07:01:28  INFO      scrapers — [Wellfound] Zero results — retrying 'CTO' with extended wait.
2026-03-25 07:01:29  INFO      scrapers — [CareerBuilder] Zero results — retrying 'CTO' with extended wait.
2026-03-25 07:01:34  INFO      scrapers — [Dice] Zero results — retrying 'CTO' with extended wait.
2026-03-25 07:01:35  INFO      scrapers — [ZipRecruiter] Zero results — retrying 'CTO' with extended wait.
2026-03-25 07:01:36  INFO      scrapers — [Monster] Zero results — retrying 'CTO' with extended wait.
2026-03-25 07:01:50  INFO      scrapers — [SimplyHired] Zero results — retrying 'CTO' with extended wait.
2026-03-25 07:02:03  INFO      scrapers —   Indeed → 103 result(s)
2026-03-25 07:02:03  INFO      scrapers —   LinkedIn → 23 result(s)
2026-03-25 07:02:03  INFO      scrapers —   ZipRecruiter → 0 result(s)
2026-03-25 07:02:03  INFO      scrapers —   Glassdoor → 175 result(s)
2026-03-25 07:02:03  INFO      scrapers —   Dice → 0 result(s)
2026-03-25 07:02:03  INFO      scrapers —   SimplyHired → 0 result(s)
2026-03-25 07:02:03  INFO      scrapers —   Monster → 0 result(s)
2026-03-25 07:02:03  INFO      scrapers —   The Muse → 0 result(s)
2026-03-25 07:02:03  INFO      scrapers —   Adzuna → 132 result(s)
2026-03-25 07:02:03  INFO      scrapers —   CareerBuilder → 0 result(s)
2026-03-25 07:02:03  INFO      scrapers —   RemoteOK → 0 result(s)
2026-03-25 07:02:03  INFO      scrapers —   Jobicy → 0 result(s)
2026-03-25 07:02:03  INFO      scrapers —   Builtin → 154 result(s)
2026-03-25 07:02:03  INFO      scrapers —   Wellfound → 0 result(s)
2026-03-25 07:02:04  INFO      scrapers — Fuzzy dedup removed 147 near-duplicate(s).
2026-03-25 07:02:04  INFO      jobhelp — After fuzzy dedup: 440 unique job(s).
2026-03-25 07:02:04  INFO      state — [state] Filtered 92 already-seen job(s).
2026-03-25 07:02:04  INFO      jobhelp — After state filter: 348 new job(s) to report.
2026-03-25 07:02:04  INFO      jobhelp — Keyword filter: removed 17 job(s) matching exclusion list.
2026-03-25 07:02:04  INFO      jobhelp — Geo-priority: 19 NJ/CT/NYC job(s) sorted to top.
2026-03-25 07:02:04  INFO      state — [state] Cached 331 job(s) for dashboard (run_ts=2026-03-25T11:02:04.230695+00:00).
2026-03-25 07:02:06  INFO      email_sender — Email sent to cmoskowitz@gmail.com (331 jobs)
2026-03-25 07:02:06  INFO      state — [state] Run recorded.
2026-03-25 09:00:06  INFO      jobhelp — JobHelp v4 — JobHelp Version 4
2026-03-25 09:00:06  INFO      state — [state] Last run was 2.0h ago — using 2h window.
2026-03-25 09:00:06  INFO      jobhelp — Search window: last 2 hour(s).
2026-03-25 09:00:10  INFO      scrapers — Scraper enabled: Indeed
2026-03-25 09:00:10  INFO      scrapers — Scraper enabled: LinkedIn
2026-03-25 09:00:10  INFO      scrapers — Scraper enabled: ZipRecruiter
2026-03-25 09:00:10  INFO      scrapers — Scraper enabled: Glassdoor
2026-03-25 09:00:10  INFO      scrapers — Scraper enabled: Dice
2026-03-25 09:00:10  INFO      scrapers — Scraper enabled: SimplyHired
2026-03-25 09:00:10  INFO      scrapers — Scraper enabled: Monster
2026-03-25 09:00:10  INFO      scrapers — Scraper enabled: The Muse
2026-03-25 09:00:10  INFO      scrapers — Scraper enabled: Adzuna
2026-03-25 09:00:10  INFO      scrapers — Scraper enabled: CareerBuilder
2026-03-25 09:00:10  INFO      scrapers — Scraper enabled: RemoteOK
2026-03-25 09:00:10  INFO      scrapers — Scraper enabled: Jobicy
2026-03-25 09:00:10  INFO      scrapers — Scraper enabled: Builtin
2026-03-25 09:00:10  INFO      scrapers — Scraper enabled: Wellfound
2026-03-25 09:00:10  INFO      scrapers — JobHelp v4 — 14 board(s) × 8 title(s) [parallel]
2026-03-25 09:00:11  INFO      scrapers — [LinkedIn] Guest API returned 2 result(s) for 'CTO'.
2026-03-25 09:00:13  INFO      scrapers — [LinkedIn] Guest API returned 2 result(s) for 'CIO'.
2026-03-25 09:00:15  INFO      scrapers — [LinkedIn] Guest API returned 6 result(s) for 'VP of Technology'.
2026-03-25 09:00:17  INFO      scrapers — [LinkedIn] Guest API returned 2 result(s) for 'Head of IT'.
2026-03-25 09:00:19  INFO      scrapers — [LinkedIn] Guest API returned 1 result(s) for 'Head of Infrastructure'.
2026-03-25 09:00:20  INFO      scrapers — [LinkedIn] Guest API returned 7 result(s) for 'SVP of Technology'.
2026-03-25 09:00:23  INFO      scrapers — [LinkedIn] Guest API returned 1 result(s) for 'EUC'.
2026-03-25 09:00:23  INFO      scrapers — [The Muse] Zero results — retrying 'CTO' with extended wait.
2026-03-25 09:00:25  INFO      scrapers — [LinkedIn] Guest API returned 4 result(s) for 'Director of Technology'.
2026-03-25 09:00:25  INFO      scrapers — [RemoteOK] Zero results — retrying 'CTO' with extended wait.
2026-03-25 09:00:26  INFO      scrapers — [Jobicy] Zero results — retrying 'CTO' with extended wait.
2026-03-25 09:00:34  INFO      scrapers — [Adzuna] Zero results — retrying 'CTO' with extended wait.
2026-03-25 09:01:29  INFO      scrapers — [Wellfound] Zero results — retrying 'CTO' with extended wait.
2026-03-25 09:01:29  INFO      scrapers — [CareerBuilder] Zero results — retrying 'CTO' with extended wait.
2026-03-25 09:01:36  INFO      scrapers — [Monster] Zero results — retrying 'CTO' with extended wait.
2026-03-25 09:01:36  INFO      scrapers — [ZipRecruiter] Zero results — retrying 'CTO' with extended wait.
2026-03-25 09:01:37  INFO      scrapers — [Dice] Zero results — retrying 'CTO' with extended wait.
2026-03-25 09:01:53  INFO      scrapers — [SimplyHired] Zero results — retrying 'CTO' with extended wait.
2026-03-25 09:02:07  INFO      scrapers —   Indeed → 116 result(s)
2026-03-25 09:02:07  INFO      scrapers —   LinkedIn → 25 result(s)
2026-03-25 09:02:07  INFO      scrapers —   ZipRecruiter → 0 result(s)
2026-03-25 09:02:07  INFO      scrapers —   Glassdoor → 200 result(s)
2026-03-25 09:02:07  INFO      scrapers —   Dice → 0 result(s)
2026-03-25 09:02:07  INFO      scrapers —   SimplyHired → 0 result(s)
2026-03-25 09:02:07  INFO      scrapers —   Monster → 0 result(s)
2026-03-25 09:02:07  INFO      scrapers —   The Muse → 0 result(s)
2026-03-25 09:02:07  INFO      scrapers —   Adzuna → 0 result(s)
2026-03-25 09:02:07  INFO      scrapers —   CareerBuilder → 0 result(s)
2026-03-25 09:02:07  INFO      scrapers —   RemoteOK → 0 result(s)
2026-03-25 09:02:07  INFO      scrapers —   Jobicy → 0 result(s)
2026-03-25 09:02:07  INFO      scrapers —   Builtin → 154 result(s)
2026-03-25 09:02:07  INFO      scrapers —   Wellfound → 0 result(s)
2026-03-25 09:02:07  INFO      scrapers — Fuzzy dedup removed 113 near-duplicate(s).
2026-03-25 09:02:07  INFO      jobhelp — After fuzzy dedup: 382 unique job(s).
2026-03-25 09:02:08  INFO      state — [state] Filtered 289 already-seen job(s).
2026-03-25 09:02:08  INFO      jobhelp — After state filter: 93 new job(s) to report.
2026-03-25 09:02:08  INFO      jobhelp — Keyword filter: removed 12 job(s) matching exclusion list.
2026-03-25 09:02:08  INFO      jobhelp — Geo-priority: 6 NJ/CT/NYC job(s) sorted to top.
2026-03-25 09:02:08  INFO      state — [state] Cached 81 job(s) for dashboard (run_ts=2026-03-25T13:02:08.019701+00:00).
2026-03-25 09:02:10  INFO      email_sender — Email sent to cmoskowitz@gmail.com (81 jobs)
2026-03-25 09:02:10  INFO      state — [state] Run recorded.
2026-03-25 11:00:00  INFO      jobhelp — JobHelp v4 — JobHelp Version 4
2026-03-25 11:00:00  INFO      state — [state] Last run was 2.0h ago — using 2h window.
2026-03-25 11:00:00  INFO      jobhelp — Search window: last 2 hour(s).
2026-03-25 11:00:02  INFO      scrapers — Scraper enabled: Indeed
2026-03-25 11:00:02  INFO      scrapers — Scraper enabled: LinkedIn
2026-03-25 11:00:02  INFO      scrapers — Scraper enabled: ZipRecruiter
2026-03-25 11:00:02  INFO      scrapers — Scraper enabled: Glassdoor
2026-03-25 11:00:02  INFO      scrapers — Scraper enabled: Dice
2026-03-25 11:00:02  INFO      scrapers — Scraper enabled: SimplyHired
2026-03-25 11:00:02  INFO      scrapers — Scraper enabled: Monster
2026-03-25 11:00:02  INFO      scrapers — Scraper enabled: The Muse
2026-03-25 11:00:02  INFO      scrapers — Scraper enabled: Adzuna
2026-03-25 11:00:02  INFO      scrapers — Scraper enabled: CareerBuilder
2026-03-25 11:00:02  INFO      scrapers — Scraper enabled: RemoteOK
2026-03-25 11:00:02  INFO      scrapers — Scraper enabled: Jobicy
2026-03-25 11:00:02  INFO      scrapers — Scraper enabled: Builtin
2026-03-25 11:00:02  INFO      scrapers — Scraper enabled: Wellfound
2026-03-25 11:00:02  INFO      scrapers — JobHelp v4 — 14 board(s) × 8 title(s) [parallel]
2026-03-25 11:00:02  INFO      scrapers — [LinkedIn] Guest API returned 5 result(s) for 'CTO'.
2026-03-25 11:00:04  INFO      scrapers — [LinkedIn] Guest API returned 5 result(s) for 'CIO'.
2026-03-25 11:00:06  INFO      scrapers — [LinkedIn] Guest API returned 7 result(s) for 'VP of Technology'.
2026-03-25 11:00:08  INFO      scrapers — [LinkedIn] Guest API returned 4 result(s) for 'Head of IT'.
2026-03-25 11:00:10  INFO      scrapers — [LinkedIn] Guest API returned 4 result(s) for 'Head of Infrastructure'.
2026-03-25 11:00:12  INFO      scrapers — [LinkedIn] Guest API returned 8 result(s) for 'SVP of Technology'.
2026-03-25 11:00:14  INFO      scrapers — [LinkedIn] Guest API returned 5 result(s) for 'EUC'.
2026-03-25 11:00:16  INFO      scrapers — [LinkedIn] Guest API returned 5 result(s) for 'Director of Technology'.
2026-03-25 11:00:17  INFO      scrapers — [RemoteOK] Zero results — retrying 'CTO' with extended wait.
2026-03-25 11:00:17  INFO      scrapers — [Jobicy] Zero results — retrying 'CTO' with extended wait.
2026-03-25 11:00:32  INFO      scrapers — [Adzuna] Zero results — retrying 'CTO' with extended wait.
2026-03-25 11:00:47  INFO      scrapers — [The Muse] Zero results — retrying 'CTO' with extended wait.
2026-03-25 11:01:20  INFO      scrapers — [Wellfound] Zero results — retrying 'CTO' with extended wait.
2026-03-25 11:01:20  INFO      scrapers — [CareerBuilder] Zero results — retrying 'CTO' with extended wait.
2026-03-25 11:01:23  INFO      scrapers — [Monster] Zero results — retrying 'CTO' with extended wait.
2026-03-25 11:01:25  INFO      scrapers — [Dice] Zero results — retrying 'CTO' with extended wait.
2026-03-25 11:01:25  INFO      scrapers — [ZipRecruiter] Zero results — retrying 'CTO' with extended wait.
2026-03-25 11:01:36  INFO      scrapers — [SimplyHired] Zero results — retrying 'CTO' with extended wait.
2026-03-25 11:01:49  INFO      scrapers —   Indeed → 114 result(s)
2026-03-25 11:01:49  INFO      scrapers —   LinkedIn → 43 result(s)
2026-03-25 11:01:49  INFO      scrapers —   ZipRecruiter → 0 result(s)
2026-03-25 11:01:49  INFO      scrapers —   Glassdoor → 200 result(s)
2026-03-25 11:01:49  INFO      scrapers —   Dice → 0 result(s)
2026-03-25 11:01:49  INFO      scrapers —   SimplyHired → 0 result(s)
2026-03-25 11:01:49  INFO      scrapers —   Monster → 0 result(s)
2026-03-25 11:01:49  INFO      scrapers —   The Muse → 0 result(s)
2026-03-25 11:01:49  INFO      scrapers —   Adzuna → 0 result(s)
2026-03-25 11:01:49  INFO      scrapers —   CareerBuilder → 0 result(s)
2026-03-25 11:01:49  INFO      scrapers —   RemoteOK → 0 result(s)
2026-03-25 11:01:49  INFO      scrapers —   Jobicy → 0 result(s)
2026-03-25 11:01:49  INFO      scrapers —   Builtin → 154 result(s)
2026-03-25 11:01:49  INFO      scrapers —   Wellfound → 0 result(s)
2026-03-25 11:01:50  INFO      scrapers — Fuzzy dedup removed 121 near-duplicate(s).
2026-03-25 11:01:50  INFO      jobhelp — After fuzzy dedup: 390 unique job(s).
2026-03-25 11:01:50  INFO      state — [state] Filtered 313 already-seen job(s).
2026-03-25 11:01:50  INFO      jobhelp — After state filter: 77 new job(s) to report.
2026-03-25 11:01:50  INFO      jobhelp — Keyword filter: removed 14 job(s) matching exclusion list.
2026-03-25 11:01:50  INFO      jobhelp — Geo-priority: 10 NJ/CT/NYC job(s) sorted to top.
2026-03-25 11:01:50  INFO      state — [state] Cached 63 job(s) for dashboard (run_ts=2026-03-25T15:01:50.186901+00:00).
2026-03-25 11:01:51  INFO      email_sender — Email sent to cmoskowitz@gmail.com (63 jobs)
2026-03-25 11:01:51  INFO      state — [state] Run recorded.
2026-03-25 13:00:01  INFO      jobhelp — JobHelp v4 — JobHelp Version 4
2026-03-25 13:00:01  INFO      state — [state] Last run was 2.0h ago — using 2h window.
2026-03-25 13:00:01  INFO      jobhelp — Search window: last 2 hour(s).
2026-03-25 13:00:03  INFO      scrapers — Scraper enabled: Indeed
2026-03-25 13:00:03  INFO      scrapers — Scraper enabled: LinkedIn
2026-03-25 13:00:03  INFO      scrapers — Scraper enabled: ZipRecruiter
2026-03-25 13:00:03  INFO      scrapers — Scraper enabled: Glassdoor
2026-03-25 13:00:03  INFO      scrapers — Scraper enabled: Dice
2026-03-25 13:00:03  INFO      scrapers — Scraper enabled: SimplyHired
2026-03-25 13:00:03  INFO      scrapers — Scraper enabled: Monster
2026-03-25 13:00:03  INFO      scrapers — Scraper enabled: The Muse
2026-03-25 13:00:03  INFO      scrapers — Scraper enabled: Adzuna
2026-03-25 13:00:03  INFO      scrapers — Scraper enabled: CareerBuilder
2026-03-25 13:00:03  INFO      scrapers — Scraper enabled: RemoteOK
2026-03-25 13:00:03  INFO      scrapers — Scraper enabled: Jobicy
2026-03-25 13:00:03  INFO      scrapers — Scraper enabled: Builtin
2026-03-25 13:00:03  INFO      scrapers — Scraper enabled: Wellfound
2026-03-25 13:00:03  INFO      scrapers — JobHelp v4 — 14 board(s) × 8 title(s) [parallel]
2026-03-25 13:00:03  INFO      scrapers — [LinkedIn] Guest API returned 5 result(s) for 'CTO'.
2026-03-25 13:00:05  INFO      scrapers — [LinkedIn] Guest API returned 5 result(s) for 'CIO'.
2026-03-25 13:00:07  INFO      scrapers — [LinkedIn] Guest API returned 7 result(s) for 'VP of Technology'.
2026-03-25 13:00:09  INFO      scrapers — [LinkedIn] Guest API returned 5 result(s) for 'Head of IT'.
2026-03-25 13:00:11  INFO      scrapers — [LinkedIn] Guest API returned 6 result(s) for 'Head of Infrastructure'.
2026-03-25 13:00:13  INFO      scrapers — [LinkedIn] Guest API returned 8 result(s) for 'SVP of Technology'.
2026-03-25 13:00:15  INFO      scrapers — [LinkedIn] Guest API returned 6 result(s) for 'EUC'.
2026-03-25 13:00:16  INFO      scrapers — [The Muse] Zero results — retrying 'CTO' with extended wait.
2026-03-25 13:00:17  INFO      scrapers — [LinkedIn] Guest API returned 7 result(s) for 'Director of Technology'.
2026-03-25 13:00:18  INFO      scrapers — [RemoteOK] Zero results — retrying 'CTO' with extended wait.
2026-03-25 13:00:18  INFO      scrapers — [Jobicy] Zero results — retrying 'CTO' with extended wait.
2026-03-25 13:00:30  INFO      scrapers — [Adzuna] Zero results — retrying 'CTO' with extended wait.
2026-03-25 13:01:20  INFO      scrapers — [Wellfound] Zero results — retrying 'CTO' with extended wait.
2026-03-25 13:01:21  INFO      scrapers — [CareerBuilder] Zero results — retrying 'CTO' with extended wait.
2026-03-25 13:01:24  INFO      scrapers — [Monster] Zero results — retrying 'CTO' with extended wait.
2026-03-25 13:01:28  INFO      scrapers — [ZipRecruiter] Zero results — retrying 'CTO' with extended wait.
2026-03-25 13:01:37  INFO      scrapers — [Dice] Zero results — retrying 'CTO' with extended wait.
2026-03-25 13:01:41  INFO      scrapers — [SimplyHired] Zero results — retrying 'CTO' with extended wait.
2026-03-25 13:01:55  INFO      scrapers —   Indeed → 113 result(s)
2026-03-25 13:01:55  INFO      scrapers —   LinkedIn → 49 result(s)
2026-03-25 13:01:55  INFO      scrapers —   ZipRecruiter → 0 result(s)
2026-03-25 13:01:55  INFO      scrapers —   Glassdoor → 200 result(s)
2026-03-25 13:01:55  INFO      scrapers —   Dice → 0 result(s)
2026-03-25 13:01:55  INFO      scrapers —   SimplyHired → 0 result(s)
2026-03-25 13:01:55  INFO      scrapers —   Monster → 0 result(s)
2026-03-25 13:01:55  INFO      scrapers —   The Muse → 0 result(s)
2026-03-25 13:01:55  INFO      scrapers —   Adzuna → 0 result(s)
2026-03-25 13:01:55  INFO      scrapers —   CareerBuilder → 0 result(s)
2026-03-25 13:01:55  INFO      scrapers —   RemoteOK → 0 result(s)
2026-03-25 13:01:55  INFO      scrapers —   Jobicy → 0 result(s)
2026-03-25 13:01:55  INFO      scrapers —   Builtin → 155 result(s)
2026-03-25 13:01:55  INFO      scrapers —   Wellfound → 0 result(s)
2026-03-25 13:01:56  INFO      scrapers — Fuzzy dedup removed 116 near-duplicate(s).
2026-03-25 13:01:56  INFO      jobhelp — After fuzzy dedup: 401 unique job(s).
2026-03-25 13:01:56  INFO      state — [state] Filtered 329 already-seen job(s).
2026-03-25 13:01:56  INFO      jobhelp — After state filter: 72 new job(s) to report.
2026-03-25 13:01:56  INFO      jobhelp — Keyword filter: removed 17 job(s) matching exclusion list.
2026-03-25 13:01:56  INFO      jobhelp — Geo-priority: 3 NJ/CT/NYC job(s) sorted to top.
2026-03-25 13:01:56  INFO      state — [state] Cached 55 job(s) for dashboard (run_ts=2026-03-25T17:01:56.054617+00:00).
2026-03-25 13:01:57  INFO      email_sender — Email sent to cmoskowitz@gmail.com (55 jobs)
2026-03-25 13:01:57  INFO      state — [state] Run recorded.
2026-03-25 15:00:01  INFO      jobhelp — JobHelp v4 — JobHelp Version 4
2026-03-25 15:00:01  INFO      state — [state] Last run was 2.0h ago — using 2h window.
2026-03-25 15:00:01  INFO      jobhelp — Search window: last 2 hour(s).
2026-03-25 15:00:03  INFO      scrapers — Scraper enabled: Indeed
2026-03-25 15:00:03  INFO      scrapers — Scraper enabled: LinkedIn
2026-03-25 15:00:03  INFO      scrapers — Scraper enabled: ZipRecruiter
2026-03-25 15:00:03  INFO      scrapers — Scraper enabled: Glassdoor
2026-03-25 15:00:03  INFO      scrapers — Scraper enabled: Dice
2026-03-25 15:00:03  INFO      scrapers — Scraper enabled: SimplyHired
2026-03-25 15:00:03  INFO      scrapers — Scraper enabled: Monster
2026-03-25 15:00:03  INFO      scrapers — Scraper enabled: The Muse
2026-03-25 15:00:03  INFO      scrapers — Scraper enabled: Adzuna
2026-03-25 15:00:03  INFO      scrapers — Scraper enabled: CareerBuilder
2026-03-25 15:00:03  INFO      scrapers — Scraper enabled: RemoteOK
2026-03-25 15:00:03  INFO      scrapers — Scraper enabled: Jobicy
2026-03-25 15:00:03  INFO      scrapers — Scraper enabled: Builtin
2026-03-25 15:00:03  INFO      scrapers — Scraper enabled: Wellfound
2026-03-25 15:00:03  INFO      scrapers — JobHelp v4 — 14 board(s) × 8 title(s) [parallel]
2026-03-25 15:00:03  INFO      scrapers — [LinkedIn] Guest API returned 7 result(s) for 'CTO'.
2026-03-25 15:00:05  INFO      scrapers — [LinkedIn] Guest API returned 7 result(s) for 'CIO'.
2026-03-25 15:00:07  INFO      scrapers — [LinkedIn] Guest API returned 9 result(s) for 'VP of Technology'.
2026-03-25 15:00:09  INFO      scrapers — [LinkedIn] Guest API returned 6 result(s) for 'Head of IT'.
2026-03-25 15:00:11  INFO      scrapers — [LinkedIn] Guest API returned 5 result(s) for 'Head of Infrastructure'.
2026-03-25 15:00:13  INFO      scrapers — [LinkedIn] Guest API returned 10 result(s) for 'SVP of Technology'.
2026-03-25 15:00:15  INFO      scrapers — [LinkedIn] Guest API returned 8 result(s) for 'EUC'.
2026-03-25 15:00:16  INFO      scrapers — [The Muse] Zero results — retrying 'CTO' with extended wait.
2026-03-25 15:00:17  INFO      scrapers — [LinkedIn] Guest API returned 8 result(s) for 'Director of Technology'.
2026-03-25 15:00:18  INFO      scrapers — [RemoteOK] Zero results — retrying 'CTO' with extended wait.
2026-03-25 15:00:19  INFO      scrapers — [Jobicy] Zero results — retrying 'CTO' with extended wait.
2026-03-25 15:00:33  INFO      scrapers — [Adzuna] Zero results — retrying 'CTO' with extended wait.
2026-03-25 15:01:21  INFO      scrapers — [Wellfound] Zero results — retrying 'CTO' with extended wait.
2026-03-25 15:01:22  INFO      scrapers — [CareerBuilder] Zero results — retrying 'CTO' with extended wait.
2026-03-25 15:01:27  INFO      scrapers — [Dice] Zero results — retrying 'CTO' with extended wait.
2026-03-25 15:01:29  INFO      scrapers — [Monster] Zero results — retrying 'CTO' with extended wait.
2026-03-25 15:01:31  INFO      scrapers — [ZipRecruiter] Zero results — retrying 'CTO' with extended wait.
2026-03-25 15:01:44  INFO      scrapers — [SimplyHired] Zero results — retrying 'CTO' with extended wait.
2026-03-25 15:01:58  INFO      scrapers —   Indeed → 101 result(s)
2026-03-25 15:01:58  INFO      scrapers —   LinkedIn → 60 result(s)
2026-03-25 15:01:58  INFO      scrapers —   ZipRecruiter → 0 result(s)
2026-03-25 15:01:58  INFO      scrapers —   Glassdoor → 200 result(s)
2026-03-25 15:01:58  INFO      scrapers —   Dice → 0 result(s)
2026-03-25 15:01:58  INFO      scrapers —   SimplyHired → 0 result(s)
2026-03-25 15:01:58  INFO      scrapers —   Monster → 0 result(s)
2026-03-25 15:01:58  INFO      scrapers —   The Muse → 0 result(s)
2026-03-25 15:01:58  INFO      scrapers —   Adzuna → 0 result(s)
2026-03-25 15:01:58  INFO      scrapers —   CareerBuilder → 0 result(s)
2026-03-25 15:01:58  INFO      scrapers —   RemoteOK → 0 result(s)
2026-03-25 15:01:58  INFO      scrapers —   Jobicy → 0 result(s)
2026-03-25 15:01:58  INFO      scrapers —   Builtin → 155 result(s)
2026-03-25 15:01:58  INFO      scrapers —   Wellfound → 0 result(s)
2026-03-25 15:01:58  INFO      scrapers — Fuzzy dedup removed 126 near-duplicate(s).
2026-03-25 15:01:58  INFO      jobhelp — After fuzzy dedup: 390 unique job(s).
2026-03-25 15:01:58  INFO      state — [state] Filtered 344 already-seen job(s).
2026-03-25 15:01:58  INFO      jobhelp — After state filter: 46 new job(s) to report.
2026-03-25 15:01:58  INFO      jobhelp — Keyword filter: removed 10 job(s) matching exclusion list.
2026-03-25 15:01:58  INFO      jobhelp — Geo-priority: 4 NJ/CT/NYC job(s) sorted to top.
2026-03-25 15:01:58  INFO      state — [state] Cached 36 job(s) for dashboard (run_ts=2026-03-25T19:01:58.446529+00:00).
2026-03-25 15:01:59  INFO      email_sender — Email sent to cmoskowitz@gmail.com (36 jobs)
2026-03-25 15:01:59  INFO      state — [state] Run recorded.
2026-03-25 17:00:03  INFO      jobhelp — JobHelp v4 — JobHelp Version 4
2026-03-25 17:00:03  INFO      state — [state] Last run was 2.0h ago — using 2h window.
2026-03-25 17:00:03  INFO      jobhelp — Search window: last 2 hour(s).
2026-03-25 17:00:06  INFO      scrapers — Scraper enabled: Indeed
2026-03-25 17:00:06  INFO      scrapers — Scraper enabled: LinkedIn
2026-03-25 17:00:06  INFO      scrapers — Scraper enabled: ZipRecruiter
2026-03-25 17:00:06  INFO      scrapers — Scraper enabled: Glassdoor
2026-03-25 17:00:06  INFO      scrapers — Scraper enabled: Dice
2026-03-25 17:00:06  INFO      scrapers — Scraper enabled: SimplyHired
2026-03-25 17:00:06  INFO      scrapers — Scraper enabled: Monster
2026-03-25 17:00:06  INFO      scrapers — Scraper enabled: The Muse
2026-03-25 17:00:06  INFO      scrapers — Scraper enabled: Adzuna
2026-03-25 17:00:06  INFO      scrapers — Scraper enabled: CareerBuilder
2026-03-25 17:00:06  INFO      scrapers — Scraper enabled: RemoteOK
2026-03-25 17:00:06  INFO      scrapers — Scraper enabled: Jobicy
2026-03-25 17:00:06  INFO      scrapers — Scraper enabled: Builtin
2026-03-25 17:00:06  INFO      scrapers — Scraper enabled: Wellfound
2026-03-25 17:00:06  INFO      scrapers — JobHelp v4 — 14 board(s) × 8 title(s) [parallel]
2026-03-25 17:00:07  INFO      scrapers — [LinkedIn] Guest API returned 9 result(s) for 'CTO'.
2026-03-25 17:00:09  INFO      scrapers — [LinkedIn] Guest API returned 9 result(s) for 'CIO'.
2026-03-25 17:00:11  INFO      scrapers — [LinkedIn] Guest API returned 10 result(s) for 'VP of Technology'.
2026-03-25 17:00:13  INFO      scrapers — [LinkedIn] Guest API returned 7 result(s) for 'Head of IT'.
2026-03-25 17:00:15  INFO      scrapers — [LinkedIn] Guest API returned 7 result(s) for 'Head of Infrastructure'.
2026-03-25 17:00:17  INFO      scrapers — [LinkedIn] Guest API returned 10 result(s) for 'SVP of Technology'.
2026-03-25 17:00:19  INFO      scrapers — [LinkedIn] Guest API returned 9 result(s) for 'EUC'.
2026-03-25 17:00:19  INFO      scrapers — [The Muse] Zero results — retrying 'CTO' with extended wait.
2026-03-25 17:00:21  INFO      scrapers — [LinkedIn] Guest API returned 10 result(s) for 'Director of Technology'.
2026-03-25 17:00:22  INFO      scrapers — [RemoteOK] Zero results — retrying 'CTO' with extended wait.
2026-03-25 17:00:22  INFO      scrapers — [Jobicy] Zero results — retrying 'CTO' with extended wait.
2026-03-25 17:00:31  INFO      scrapers — [Adzuna] Zero results — retrying 'CTO' with extended wait.
2026-03-25 17:01:24  INFO      scrapers — [Wellfound] Zero results — retrying 'CTO' with extended wait.
2026-03-25 17:01:24  INFO      scrapers — [CareerBuilder] Zero results — retrying 'CTO' with extended wait.
2026-03-25 17:01:29  INFO      scrapers — [Monster] Zero results — retrying 'CTO' with extended wait.
2026-03-25 17:01:29  INFO      scrapers — [ZipRecruiter] Zero results — retrying 'CTO' with extended wait.
2026-03-25 17:01:37  INFO      scrapers — [Dice] Zero results — retrying 'CTO' with extended wait.
2026-03-25 17:01:44  INFO      scrapers — [SimplyHired] Zero results — retrying 'CTO' with extended wait.
2026-03-25 17:02:00  INFO      scrapers —   Indeed → 101 result(s)
2026-03-25 17:02:00  INFO      scrapers —   LinkedIn → 71 result(s)
2026-03-25 17:02:00  INFO      scrapers —   ZipRecruiter → 0 result(s)
2026-03-25 17:02:00  INFO      scrapers —   Glassdoor → 200 result(s)
2026-03-25 17:02:00  INFO      scrapers —   Dice → 0 result(s)
2026-03-25 17:02:00  INFO      scrapers —   SimplyHired → 0 result(s)
2026-03-25 17:02:00  INFO      scrapers —   Monster → 0 result(s)
2026-03-25 17:02:00  INFO      scrapers —   The Muse → 0 result(s)
2026-03-25 17:02:00  INFO      scrapers —   Adzuna → 0 result(s)
2026-03-25 17:02:00  INFO      scrapers —   CareerBuilder → 0 result(s)
2026-03-25 17:02:00  INFO      scrapers —   RemoteOK → 0 result(s)
2026-03-25 17:02:00  INFO      scrapers —   Jobicy → 0 result(s)
2026-03-25 17:02:00  INFO      scrapers —   Builtin → 155 result(s)
2026-03-25 17:02:00  INFO      scrapers —   Wellfound → 0 result(s)
2026-03-25 17:02:00  INFO      scrapers — Fuzzy dedup removed 145 near-duplicate(s).
2026-03-25 17:02:00  INFO      jobhelp — After fuzzy dedup: 382 unique job(s).
2026-03-25 17:02:00  INFO      state — [state] Filtered 324 already-seen job(s).
2026-03-25 17:02:00  INFO      jobhelp — After state filter: 58 new job(s) to report.
2026-03-25 17:02:00  INFO      jobhelp — Keyword filter: removed 14 job(s) matching exclusion list.
2026-03-25 17:02:00  INFO      jobhelp — Geo-priority: 3 NJ/CT/NYC job(s) sorted to top.
2026-03-25 17:02:00  INFO      state — [state] Cached 44 job(s) for dashboard (run_ts=2026-03-25T21:02:00.455261+00:00).
2026-03-25 17:02:01  INFO      email_sender — Email sent to cmoskowitz@gmail.com (44 jobs)
2026-03-25 17:02:01  INFO      state — [state] Run recorded.
2026-03-25 19:00:01  INFO      jobhelp — JobHelp v4 — JobHelp Version 4
2026-03-25 19:00:02  INFO      state — [state] Last run was 2.0h ago — using 2h window.
2026-03-25 19:00:02  INFO      jobhelp — Search window: last 2 hour(s).
2026-03-25 19:00:02  INFO      scrapers — Scraper enabled: Indeed
2026-03-25 19:00:02  INFO      scrapers — Scraper enabled: LinkedIn
2026-03-25 19:00:02  INFO      scrapers — Scraper enabled: ZipRecruiter
2026-03-25 19:00:02  INFO      scrapers — Scraper enabled: Glassdoor
2026-03-25 19:00:02  INFO      scrapers — Scraper enabled: Dice
2026-03-25 19:00:02  INFO      scrapers — Scraper enabled: SimplyHired
2026-03-25 19:00:02  INFO      scrapers — Scraper enabled: Monster
2026-03-25 19:00:02  INFO      scrapers — Scraper enabled: The Muse
2026-03-25 19:00:02  INFO      scrapers — Scraper enabled: Adzuna
2026-03-25 19:00:02  INFO      scrapers — Scraper enabled: CareerBuilder
2026-03-25 19:00:02  INFO      scrapers — Scraper enabled: RemoteOK
2026-03-25 19:00:02  INFO      scrapers — Scraper enabled: Jobicy
2026-03-25 19:00:02  INFO      scrapers — Scraper enabled: Builtin
2026-03-25 19:00:02  INFO      scrapers — Scraper enabled: Wellfound
2026-03-25 19:00:02  INFO      scrapers — JobHelp v4 — 14 board(s) × 8 title(s) [parallel]
2026-03-25 19:00:03  INFO      scrapers — [LinkedIn] Guest API returned 8 result(s) for 'CTO'.
2026-03-25 19:00:05  INFO      scrapers — [LinkedIn] Guest API returned 9 result(s) for 'CIO'.
2026-03-25 19:00:07  INFO      scrapers — [LinkedIn] Guest API returned 10 result(s) for 'VP of Technology'.
2026-03-25 19:00:09  INFO      scrapers — [LinkedIn] Guest API returned 10 result(s) for 'Head of IT'.
2026-03-25 19:00:11  INFO      scrapers — [LinkedIn] Guest API returned 9 result(s) for 'Head of Infrastructure'.
2026-03-25 19:00:13  INFO      scrapers — [LinkedIn] Guest API returned 10 result(s) for 'SVP of Technology'.
2026-03-25 19:00:15  INFO      scrapers — [LinkedIn] Guest API returned 10 result(s) for 'EUC'.
2026-03-25 19:00:16  INFO      scrapers — [The Muse] Zero results — retrying 'CTO' with extended wait.
2026-03-25 19:00:17  INFO      scrapers — [LinkedIn] Guest API returned 10 result(s) for 'Director of Technology'.
2026-03-25 19:00:18  INFO      scrapers — [RemoteOK] Zero results — retrying 'CTO' with extended wait.
2026-03-25 19:00:18  INFO      scrapers — [Jobicy] Zero results — retrying 'CTO' with extended wait.
2026-03-25 19:00:30  INFO      scrapers — [Adzuna] Zero results — retrying 'CTO' with extended wait.
2026-03-25 19:01:20  INFO      scrapers — [Wellfound] Zero results — retrying 'CTO' with extended wait.
2026-03-25 19:01:20  INFO      scrapers — [CareerBuilder] Zero results — retrying 'CTO' with extended wait.
2026-03-25 19:01:24  INFO      scrapers — [Monster] Zero results — retrying 'CTO' with extended wait.
2026-03-25 19:01:25  INFO      scrapers — [Dice] Zero results — retrying 'CTO' with extended wait.
2026-03-25 19:01:25  INFO      scrapers — [ZipRecruiter] Zero results — retrying 'CTO' with extended wait.
2026-03-25 19:01:37  INFO      scrapers — [SimplyHired] Zero results — retrying 'CTO' with extended wait.
2026-03-25 19:01:51  INFO      scrapers —   Indeed → 119 result(s)
2026-03-25 19:01:51  INFO      scrapers —   LinkedIn → 76 result(s)
2026-03-25 19:01:51  INFO      scrapers —   ZipRecruiter → 0 result(s)
2026-03-25 19:01:51  INFO      scrapers —   Glassdoor → 200 result(s)
2026-03-25 19:01:51  INFO      scrapers —   Dice → 0 result(s)
2026-03-25 19:01:51  INFO      scrapers —   SimplyHired → 0 result(s)
2026-03-25 19:01:51  INFO      scrapers —   Monster → 0 result(s)
2026-03-25 19:01:51  INFO      scrapers —   The Muse → 0 result(s)
2026-03-25 19:01:51  INFO      scrapers —   Adzuna → 0 result(s)
2026-03-25 19:01:51  INFO      scrapers —   CareerBuilder → 0 result(s)
2026-03-25 19:01:51  INFO      scrapers —   RemoteOK → 0 result(s)
2026-03-25 19:01:51  INFO      scrapers —   Jobicy → 0 result(s)
2026-03-25 19:01:51  INFO      scrapers —   Builtin → 155 result(s)
2026-03-25 19:01:51  INFO      scrapers —   Wellfound → 0 result(s)
2026-03-25 19:01:51  INFO      scrapers — Fuzzy dedup removed 138 near-duplicate(s).
2026-03-25 19:01:51  INFO      jobhelp — After fuzzy dedup: 412 unique job(s).
2026-03-25 19:01:51  INFO      state — [state] Filtered 342 already-seen job(s).
2026-03-25 19:01:51  INFO      jobhelp — After state filter: 70 new job(s) to report.
2026-03-25 19:01:51  INFO      jobhelp — Keyword filter: removed 14 job(s) matching exclusion list.
2026-03-25 19:01:51  INFO      jobhelp — Geo-priority: 6 NJ/CT/NYC job(s) sorted to top.
2026-03-25 19:01:51  INFO      state — [state] Cached 56 job(s) for dashboard (run_ts=2026-03-25T23:01:51.970515+00:00).
2026-03-25 19:01:52  INFO      email_sender — Email sent to cmoskowitz@gmail.com (56 jobs)
2026-03-25 19:01:52  INFO      state — [state] Run recorded.
2026-03-25 21:00:02  INFO      jobhelp — JobHelp v4 — JobHelp Version 4
2026-03-25 21:00:02  INFO      state — [state] Last run was 2.0h ago — using 2h window.
2026-03-25 21:00:02  INFO      jobhelp — Search window: last 2 hour(s).
2026-03-25 21:00:04  INFO      scrapers — Scraper enabled: Indeed
2026-03-25 21:00:04  INFO      scrapers — Scraper enabled: LinkedIn
2026-03-25 21:00:04  INFO      scrapers — Scraper enabled: ZipRecruiter
2026-03-25 21:00:04  INFO      scrapers — Scraper enabled: Glassdoor
2026-03-25 21:00:04  INFO      scrapers — Scraper enabled: Dice
2026-03-25 21:00:04  INFO      scrapers — Scraper enabled: SimplyHired
2026-03-25 21:00:04  INFO      scrapers — Scraper enabled: Monster
2026-03-25 21:00:04  INFO      scrapers — Scraper enabled: The Muse
2026-03-25 21:00:04  INFO      scrapers — Scraper enabled: Adzuna
2026-03-25 21:00:04  INFO      scrapers — Scraper enabled: CareerBuilder
2026-03-25 21:00:04  INFO      scrapers — Scraper enabled: RemoteOK
2026-03-25 21:00:04  INFO      scrapers — Scraper enabled: Jobicy
2026-03-25 21:00:04  INFO      scrapers — Scraper enabled: Builtin
2026-03-25 21:00:04  INFO      scrapers — Scraper enabled: Wellfound
2026-03-25 21:00:04  INFO      scrapers — JobHelp v4 — 14 board(s) × 8 title(s) [parallel]
2026-03-25 21:00:05  INFO      scrapers — [LinkedIn] Guest API returned 1 result(s) for 'CTO'.
2026-03-25 21:00:07  INFO      scrapers — [LinkedIn] Guest API returned 1 result(s) for 'CIO'.
2026-03-25 21:00:09  INFO      scrapers — [LinkedIn] Guest API empty for 'VP of Technology', trying Playwright.
2026-03-25 21:00:18  INFO      scrapers — [The Muse] Zero results — retrying 'CTO' with extended wait.
2026-03-25 21:00:20  INFO      scrapers — [RemoteOK] Zero results — retrying 'CTO' with extended wait.
2026-03-25 21:00:20  INFO      scrapers — [LinkedIn] Guest API empty for 'Head of IT', trying Playwright.
2026-03-25 21:00:20  INFO      scrapers — [Jobicy] Zero results — retrying 'CTO' with extended wait.
2026-03-25 21:00:30  INFO      scrapers — [Adzuna] Zero results — retrying 'CTO' with extended wait.
2026-03-25 21:00:31  INFO      scrapers — [LinkedIn] Guest API empty for 'Head of Infrastructure', trying Playwright.
2026-03-25 21:00:41  INFO      scrapers — [LinkedIn] Guest API empty for 'SVP of Technology', trying Playwright.
2026-03-25 21:00:52  INFO      scrapers — [LinkedIn] Guest API empty for 'EUC', trying Playwright.
2026-03-25 21:00:59  INFO      scrapers — [LinkedIn] Guest API empty for 'Director of Technology', trying Playwright.
2026-03-25 21:01:22  INFO      scrapers — [Wellfound] Zero results — retrying 'CTO' with extended wait.
2026-03-25 21:01:22  INFO      scrapers — [CareerBuilder] Zero results — retrying 'CTO' with extended wait.
2026-03-25 21:01:26  INFO      scrapers — [Dice] Zero results — retrying 'CTO' with extended wait.
2026-03-25 21:01:26  INFO      scrapers — [Monster] Zero results — retrying 'CTO' with extended wait.
2026-03-25 21:01:28  INFO      scrapers — [ZipRecruiter] Zero results — retrying 'CTO' with extended wait.
2026-03-25 21:01:42  INFO      scrapers — [SimplyHired] Zero results — retrying 'CTO' with extended wait.
2026-03-25 21:01:59  INFO      scrapers —   Indeed → 119 result(s)
2026-03-25 21:01:59  INFO      scrapers —   LinkedIn → 3 result(s)
2026-03-25 21:01:59  INFO      scrapers —   ZipRecruiter → 0 result(s)
2026-03-25 21:01:59  INFO      scrapers —   Glassdoor → 200 result(s)
2026-03-25 21:01:59  INFO      scrapers —   Dice → 0 result(s)
2026-03-25 21:01:59  INFO      scrapers —   SimplyHired → 0 result(s)
2026-03-25 21:01:59  INFO      scrapers —   Monster → 0 result(s)
2026-03-25 21:01:59  INFO      scrapers —   The Muse → 0 result(s)
2026-03-25 21:01:59  INFO      scrapers —   Adzuna → 0 result(s)
2026-03-25 21:01:59  INFO      scrapers —   CareerBuilder → 0 result(s)
2026-03-25 21:01:59  INFO      scrapers —   RemoteOK → 0 result(s)
2026-03-25 21:01:59  INFO      scrapers —   Jobicy → 0 result(s)
2026-03-25 21:01:59  INFO      scrapers —   Builtin → 155 result(s)
2026-03-25 21:01:59  INFO      scrapers —   Wellfound → 0 result(s)
2026-03-25 21:01:59  INFO      scrapers — Fuzzy dedup removed 104 near-duplicate(s).
2026-03-25 21:01:59  INFO      jobhelp — After fuzzy dedup: 373 unique job(s).
2026-03-25 21:01:59  INFO      state — [state] Filtered 287 already-seen job(s).
2026-03-25 21:01:59  INFO      jobhelp — After state filter: 86 new job(s) to report.
2026-03-25 21:01:59  INFO      jobhelp — Keyword filter: removed 14 job(s) matching exclusion list.
2026-03-25 21:01:59  INFO      jobhelp — Geo-priority: 7 NJ/CT/NYC job(s) sorted to top.
2026-03-25 21:01:59  INFO      state — [state] Cached 72 job(s) for dashboard (run_ts=2026-03-26T01:01:59.573461+00:00).
2026-03-25 21:02:00  INFO      email_sender — Email sent to cmoskowitz@gmail.com (72 jobs)
2026-03-25 21:02:00  INFO      state — [state] Run recorded.
2026-03-26 07:00:05  INFO      jobhelp — JobHelp v4 — JobHelp Version 4
2026-03-26 07:00:05  INFO      state — [state] No prior run today — using 24h window.
2026-03-26 07:00:05  INFO      jobhelp — Search window: last 24 hour(s).
2026-03-26 07:00:08  INFO      scrapers — Scraper enabled: Indeed
2026-03-26 07:00:08  INFO      scrapers — Scraper enabled: LinkedIn
2026-03-26 07:00:08  INFO      scrapers — Scraper enabled: ZipRecruiter
2026-03-26 07:00:08  INFO      scrapers — Scraper enabled: Glassdoor
2026-03-26 07:00:08  INFO      scrapers — Scraper enabled: Dice
2026-03-26 07:00:08  INFO      scrapers — Scraper enabled: SimplyHired
2026-03-26 07:00:08  INFO      scrapers — Scraper enabled: Monster
2026-03-26 07:00:08  INFO      scrapers — Scraper enabled: The Muse
2026-03-26 07:00:08  INFO      scrapers — Scraper enabled: Adzuna
2026-03-26 07:00:08  INFO      scrapers — Scraper enabled: CareerBuilder
2026-03-26 07:00:08  INFO      scrapers — Scraper enabled: RemoteOK
2026-03-26 07:00:08  INFO      scrapers — Scraper enabled: Jobicy
2026-03-26 07:00:08  INFO      scrapers — Scraper enabled: Builtin
2026-03-26 07:00:08  INFO      scrapers — Scraper enabled: Wellfound
2026-03-26 07:00:08  INFO      scrapers — JobHelp v4 — 14 board(s) × 8 title(s) [parallel]
2026-03-26 07:00:09  INFO      scrapers — [LinkedIn] Guest API returned 2 result(s) for 'CTO'.
2026-03-26 07:00:11  INFO      scrapers — [LinkedIn] Guest API returned 2 result(s) for 'CIO'.
2026-03-26 07:00:13  INFO      scrapers — [LinkedIn] Guest API returned 3 result(s) for 'VP of Technology'.
2026-03-26 07:00:15  INFO      scrapers — [LinkedIn] Guest API returned 2 result(s) for 'Head of IT'.
2026-03-26 07:00:17  INFO      scrapers — [LinkedIn] Guest API returned 1 result(s) for 'Head of Infrastructure'.
2026-03-26 07:00:19  INFO      scrapers — [LinkedIn] Guest API returned 4 result(s) for 'SVP of Technology'.
2026-03-26 07:00:21  INFO      scrapers — [LinkedIn] Guest API returned 2 result(s) for 'EUC'.
2026-03-26 07:00:21  INFO      scrapers — [The Muse] Zero results — retrying 'CTO' with extended wait.
2026-03-26 07:00:23  INFO      scrapers — [LinkedIn] Guest API empty for 'Director of Technology', trying Playwright.
2026-03-26 07:00:23  INFO      scrapers — [RemoteOK] Zero results — retrying 'CTO' with extended wait.
2026-03-26 07:01:26  INFO      scrapers — [Wellfound] Zero results — retrying 'CTO' with extended wait.
2026-03-26 07:01:28  INFO      scrapers — [CareerBuilder] Zero results — retrying 'CTO' with extended wait.
2026-03-26 07:01:30  INFO      scrapers — [Dice] Zero results — retrying 'CTO' with extended wait.
2026-03-26 07:01:31  INFO      scrapers — [Monster] Zero results — retrying 'CTO' with extended wait.
2026-03-26 07:01:31  INFO      scrapers — [ZipRecruiter] Zero results — retrying 'CTO' with extended wait.
2026-03-26 07:01:43  INFO      scrapers — [SimplyHired] Zero results — retrying 'CTO' with extended wait.
2026-03-26 07:01:57  INFO      scrapers —   Indeed → 118 result(s)
2026-03-26 07:01:57  INFO      scrapers —   LinkedIn → 19 result(s)
2026-03-26 07:01:57  INFO      scrapers —   ZipRecruiter → 0 result(s)
2026-03-26 07:01:57  INFO      scrapers —   Glassdoor → 200 result(s)
2026-03-26 07:01:57  INFO      scrapers —   Dice → 0 result(s)
2026-03-26 07:01:57  INFO      scrapers —   SimplyHired → 0 result(s)
2026-03-26 07:01:57  INFO      scrapers —   Monster → 0 result(s)
2026-03-26 07:01:57  INFO      scrapers —   The Muse → 0 result(s)
2026-03-26 07:01:57  INFO      scrapers —   Adzuna → 125 result(s)
2026-03-26 07:01:57  INFO      scrapers —   CareerBuilder → 0 result(s)
2026-03-26 07:01:57  INFO      scrapers —   RemoteOK → 0 result(s)
2026-03-26 07:01:57  INFO      scrapers —   Jobicy → 3 result(s)
2026-03-26 07:01:57  INFO      scrapers —   Builtin → 156 result(s)
2026-03-26 07:01:57  INFO      scrapers —   Wellfound → 0 result(s)
2026-03-26 07:01:57  INFO      scrapers — Fuzzy dedup removed 148 near-duplicate(s).
2026-03-26 07:01:57  INFO      jobhelp — After fuzzy dedup: 473 unique job(s).
2026-03-26 07:01:57  INFO      state — [state] Filtered 204 already-seen job(s).
2026-03-26 07:01:57  INFO      jobhelp — After state filter: 269 new job(s) to report.
2026-03-26 07:01:57  INFO      jobhelp — Keyword filter: removed 25 job(s) matching exclusion list.
2026-03-26 07:01:57  INFO      jobhelp — Geo-priority: 30 NJ/CT/NYC job(s) sorted to top.
2026-03-26 07:01:57  INFO      state — [state] Cached 244 job(s) for dashboard (run_ts=2026-03-26T11:01:57.729690+00:00).
2026-03-26 07:01:58  INFO      email_sender — Email sent to cmoskowitz@gmail.com (244 jobs)
2026-03-26 07:01:58  INFO      state — [state] Run recorded.
2026-03-26 09:00:04  INFO      jobhelp — JobHelp v4 — JobHelp Version 4
2026-03-26 09:00:04  INFO      state — [state] Last run was 2.0h ago — using 2h window.
2026-03-26 09:00:04  INFO      jobhelp — Search window: last 2 hour(s).
2026-03-26 09:00:08  INFO      scrapers — Scraper enabled: Indeed
2026-03-26 09:00:08  INFO      scrapers — Scraper enabled: LinkedIn
2026-03-26 09:00:08  INFO      scrapers — Scraper enabled: ZipRecruiter
2026-03-26 09:00:08  INFO      scrapers — Scraper enabled: Glassdoor
2026-03-26 09:00:08  INFO      scrapers — Scraper enabled: Dice
2026-03-26 09:00:08  INFO      scrapers — Scraper enabled: SimplyHired
2026-03-26 09:00:08  INFO      scrapers — Scraper enabled: Monster
2026-03-26 09:00:08  INFO      scrapers — Scraper enabled: The Muse
2026-03-26 09:00:08  INFO      scrapers — Scraper enabled: Adzuna
2026-03-26 09:00:08  INFO      scrapers — Scraper enabled: CareerBuilder
2026-03-26 09:00:08  INFO      scrapers — Scraper enabled: RemoteOK
2026-03-26 09:00:08  INFO      scrapers — Scraper enabled: Jobicy
2026-03-26 09:00:08  INFO      scrapers — Scraper enabled: Builtin
2026-03-26 09:00:08  INFO      scrapers — Scraper enabled: Wellfound
2026-03-26 09:00:08  INFO      scrapers — JobHelp v4 — 14 board(s) × 8 title(s) [parallel]
2026-03-26 09:00:09  INFO      scrapers — [LinkedIn] Guest API returned 3 result(s) for 'CTO'.
2026-03-26 09:00:11  INFO      scrapers — [LinkedIn] Guest API returned 4 result(s) for 'CIO'.
2026-03-26 09:00:13  INFO      scrapers — [LinkedIn] Guest API returned 6 result(s) for 'VP of Technology'.
2026-03-26 09:00:15  INFO      scrapers — [LinkedIn] Guest API returned 2 result(s) for 'Head of IT'.
2026-03-26 09:00:16  INFO      scrapers — [LinkedIn] Guest API returned 1 result(s) for 'Head of Infrastructure'.
2026-03-26 09:00:18  INFO      scrapers — [LinkedIn] Guest API returned 6 result(s) for 'SVP of Technology'.
2026-03-26 09:00:20  INFO      scrapers — [LinkedIn] Guest API returned 2 result(s) for 'EUC'.
2026-03-26 09:00:21  INFO      scrapers — [The Muse] Zero results — retrying 'CTO' with extended wait.
2026-03-26 09:00:22  INFO      scrapers — [LinkedIn] Guest API returned 2 result(s) for 'Director of Technology'.
2026-03-26 09:00:23  INFO      scrapers — [RemoteOK] Zero results — retrying 'CTO' with extended wait.
2026-03-26 09:00:24  INFO      scrapers — [Jobicy] Zero results — retrying 'CTO' with extended wait.
2026-03-26 09:00:36  INFO      scrapers — [Adzuna] Zero results — retrying 'CTO' with extended wait.
2026-03-26 09:01:26  INFO      scrapers — [Wellfound] Zero results — retrying 'CTO' with extended wait.
2026-03-26 09:01:26  INFO      scrapers — [CareerBuilder] Zero results — retrying 'CTO' with extended wait.
2026-03-26 09:01:30  INFO      scrapers — [Monster] Zero results — retrying 'CTO' with extended wait.
2026-03-26 09:01:31  INFO      scrapers — [Dice] Zero results — retrying 'CTO' with extended wait.
2026-03-26 09:01:31  INFO      scrapers — [ZipRecruiter] Zero results — retrying 'CTO' with extended wait.
2026-03-26 09:01:42  INFO      scrapers — [SimplyHired] Zero results — retrying 'CTO' with extended wait.
2026-03-26 09:01:56  INFO      scrapers —   Indeed → 119 result(s)
2026-03-26 09:01:56  INFO      scrapers —   LinkedIn → 26 result(s)
2026-03-26 09:01:56  INFO      scrapers —   ZipRecruiter → 0 result(s)
2026-03-26 09:01:56  INFO      scrapers —   Glassdoor → 200 result(s)
2026-03-26 09:01:56  INFO      scrapers —   Dice → 0 result(s)
2026-03-26 09:01:56  INFO      scrapers —   SimplyHired → 0 result(s)
2026-03-26 09:01:56  INFO      scrapers —   Monster → 0 result(s)
2026-03-26 09:01:56  INFO      scrapers —   The Muse → 0 result(s)
2026-03-26 09:01:56  INFO      scrapers —   Adzuna → 0 result(s)
2026-03-26 09:01:56  INFO      scrapers —   CareerBuilder → 0 result(s)
2026-03-26 09:01:56  INFO      scrapers —   RemoteOK → 0 result(s)
2026-03-26 09:01:56  INFO      scrapers —   Jobicy → 0 result(s)
2026-03-26 09:01:56  INFO      scrapers —   Builtin → 156 result(s)
2026-03-26 09:01:56  INFO      scrapers —   Wellfound → 0 result(s)
2026-03-26 09:01:56  INFO      scrapers — Fuzzy dedup removed 120 near-duplicate(s).
2026-03-26 09:01:56  INFO      jobhelp — After fuzzy dedup: 381 unique job(s).
2026-03-26 09:01:56  INFO      state — [state] Filtered 295 already-seen job(s).
2026-03-26 09:01:56  INFO      jobhelp — After state filter: 86 new job(s) to report.
2026-03-26 09:01:56  INFO      jobhelp — Keyword filter: removed 12 job(s) matching exclusion list.
2026-03-26 09:01:56  INFO      jobhelp — Geo-priority: 9 NJ/CT/NYC job(s) sorted to top.
2026-03-26 09:01:56  INFO      state — [state] Cached 74 job(s) for dashboard (run_ts=2026-03-26T13:01:56.356736+00:00).
2026-03-26 09:01:57  INFO      email_sender — Email sent to cmoskowitz@gmail.com (74 jobs)
2026-03-26 09:01:57  INFO      state — [state] Run recorded.
2026-03-26 11:00:02  INFO      jobhelp — JobHelp v4 — JobHelp Version 4
2026-03-26 11:00:02  INFO      state — [state] Last run was 2.0h ago — using 2h window.
2026-03-26 11:00:02  INFO      jobhelp — Search window: last 2 hour(s).
2026-03-26 11:00:03  INFO      scrapers — Scraper enabled: Indeed
2026-03-26 11:00:03  INFO      scrapers — Scraper enabled: LinkedIn
2026-03-26 11:00:03  INFO      scrapers — Scraper enabled: ZipRecruiter
2026-03-26 11:00:03  INFO      scrapers — Scraper enabled: Glassdoor
2026-03-26 11:00:03  INFO      scrapers — Scraper enabled: Dice
2026-03-26 11:00:03  INFO      scrapers — Scraper enabled: SimplyHired
2026-03-26 11:00:03  INFO      scrapers — Scraper enabled: Monster
2026-03-26 11:00:03  INFO      scrapers — Scraper enabled: The Muse
2026-03-26 11:00:03  INFO      scrapers — Scraper enabled: Adzuna
2026-03-26 11:00:03  INFO      scrapers — Scraper enabled: CareerBuilder
2026-03-26 11:00:03  INFO      scrapers — Scraper enabled: RemoteOK
2026-03-26 11:00:03  INFO      scrapers — Scraper enabled: Jobicy
2026-03-26 11:00:03  INFO      scrapers — Scraper enabled: Builtin
2026-03-26 11:00:03  INFO      scrapers — Scraper enabled: Wellfound
2026-03-26 11:00:03  INFO      scrapers — JobHelp v4 — 14 board(s) × 8 title(s) [parallel]
2026-03-26 11:00:03  INFO      scrapers — [LinkedIn] Guest API returned 6 result(s) for 'CTO'.
2026-03-26 11:00:05  INFO      scrapers — [LinkedIn] Guest API returned 6 result(s) for 'CIO'.
2026-03-26 11:00:07  INFO      scrapers — [LinkedIn] Guest API returned 6 result(s) for 'VP of Technology'.
2026-03-26 11:00:09  INFO      scrapers — [LinkedIn] Guest API returned 3 result(s) for 'Head of IT'.
2026-03-26 11:00:11  INFO      scrapers — [LinkedIn] Guest API returned 2 result(s) for 'Head of Infrastructure'.
2026-03-26 11:00:13  INFO      scrapers — [LinkedIn] Guest API returned 6 result(s) for 'SVP of Technology'.
2026-03-26 11:00:15  INFO      scrapers — [LinkedIn] Guest API returned 3 result(s) for 'EUC'.
2026-03-26 11:00:16  INFO      scrapers — [The Muse] Zero results — retrying 'CTO' with extended wait.
2026-03-26 11:00:17  INFO      scrapers — [LinkedIn] Guest API returned 5 result(s) for 'Director of Technology'.
2026-03-26 11:00:18  INFO      scrapers — [Jobicy] Zero results — retrying 'CTO' with extended wait.
2026-03-26 11:00:18  INFO      scrapers — [RemoteOK] Zero results — retrying 'CTO' with extended wait.
2026-03-26 11:00:33  INFO      scrapers — [Adzuna] Zero results — retrying 'CTO' with extended wait.
2026-03-26 11:01:21  INFO      scrapers — [Wellfound] Zero results — retrying 'CTO' with extended wait.
2026-03-26 11:01:21  INFO      scrapers — [CareerBuilder] Zero results — retrying 'CTO' with extended wait.
2026-03-26 11:01:25  INFO      scrapers — [Monster] Zero results — retrying 'CTO' with extended wait.
2026-03-26 11:01:25  INFO      scrapers — [Dice] Zero results — retrying 'CTO' with extended wait.
2026-03-26 11:01:27  INFO      scrapers — [ZipRecruiter] Zero results — retrying 'CTO' with extended wait.
2026-03-26 11:01:37  INFO      scrapers — [SimplyHired] Zero results — retrying 'CTO' with extended wait.
2026-03-26 11:01:50  INFO      scrapers —   Indeed → 110 result(s)
2026-03-26 11:01:50  INFO      scrapers —   LinkedIn → 37 result(s)
2026-03-26 11:01:50  INFO      scrapers —   ZipRecruiter → 0 result(s)
2026-03-26 11:01:50  INFO      scrapers —   Glassdoor → 200 result(s)
2026-03-26 11:01:50  INFO      scrapers —   Dice → 0 result(s)
2026-03-26 11:01:50  INFO      scrapers —   SimplyHired → 0 result(s)
2026-03-26 11:01:50  INFO      scrapers —   Monster → 0 result(s)
2026-03-26 11:01:50  INFO      scrapers —   The Muse → 0 result(s)
2026-03-26 11:01:50  INFO      scrapers —   Adzuna → 0 result(s)
2026-03-26 11:01:50  INFO      scrapers —   CareerBuilder → 0 result(s)
2026-03-26 11:01:50  INFO      scrapers —   RemoteOK → 0 result(s)
2026-03-26 11:01:50  INFO      scrapers —   Jobicy → 0 result(s)
2026-03-26 11:01:50  INFO      scrapers —   Builtin → 156 result(s)
2026-03-26 11:01:50  INFO      scrapers —   Wellfound → 0 result(s)
2026-03-26 11:01:51  INFO      scrapers — Fuzzy dedup removed 126 near-duplicate(s).
2026-03-26 11:01:51  INFO      jobhelp — After fuzzy dedup: 377 unique job(s).
2026-03-26 11:01:51  INFO      state — [state] Filtered 311 already-seen job(s).
2026-03-26 11:01:51  INFO      jobhelp — After state filter: 66 new job(s) to report.
2026-03-26 11:01:51  INFO      jobhelp — Keyword filter: removed 14 job(s) matching exclusion list.
2026-03-26 11:01:51  INFO      jobhelp — Geo-priority: 6 NJ/CT/NYC job(s) sorted to top.
2026-03-26 11:01:51  INFO      state — [state] Cached 52 job(s) for dashboard (run_ts=2026-03-26T15:01:51.176589+00:00).
2026-03-26 11:01:52  INFO      email_sender — Email sent to cmoskowitz@gmail.com (52 jobs)
2026-03-26 11:01:52  INFO      state — [state] Run recorded.
2026-03-26 13:00:01  INFO      jobhelp — JobHelp v4 — JobHelp Version 4
2026-03-26 13:00:01  INFO      state — [state] Last run was 2.0h ago — using 2h window.
2026-03-26 13:00:01  INFO      jobhelp — Search window: last 2 hour(s).
2026-03-26 13:00:02  INFO      scrapers — Scraper enabled: Indeed
2026-03-26 13:00:02  INFO      scrapers — Scraper enabled: LinkedIn
2026-03-26 13:00:02  INFO      scrapers — Scraper enabled: ZipRecruiter
2026-03-26 13:00:02  INFO      scrapers — Scraper enabled: Glassdoor
2026-03-26 13:00:02  INFO      scrapers — Scraper enabled: Dice
2026-03-26 13:00:02  INFO      scrapers — Scraper enabled: SimplyHired
2026-03-26 13:00:02  INFO      scrapers — Scraper enabled: Monster
2026-03-26 13:00:02  INFO      scrapers — Scraper enabled: The Muse
2026-03-26 13:00:02  INFO      scrapers — Scraper enabled: Adzuna
2026-03-26 13:00:02  INFO      scrapers — Scraper enabled: CareerBuilder
2026-03-26 13:00:02  INFO      scrapers — Scraper enabled: RemoteOK
2026-03-26 13:00:02  INFO      scrapers — Scraper enabled: Jobicy
2026-03-26 13:00:02  INFO      scrapers — Scraper enabled: Builtin
2026-03-26 13:00:02  INFO      scrapers — Scraper enabled: Wellfound
2026-03-26 13:00:02  INFO      scrapers — JobHelp v4 — 14 board(s) × 8 title(s) [parallel]
2026-03-26 13:00:02  INFO      scrapers — [LinkedIn] Guest API returned 9 result(s) for 'CTO'.
2026-03-26 13:00:04  INFO      scrapers — [LinkedIn] Guest API returned 9 result(s) for 'CIO'.
2026-03-26 13:00:06  INFO      scrapers — [LinkedIn] Guest API returned 7 result(s) for 'VP of Technology'.
2026-03-26 13:00:08  INFO      scrapers — [LinkedIn] Guest API returned 4 result(s) for 'Head of IT'.
2026-03-26 13:00:10  INFO      scrapers — [LinkedIn] Guest API returned 4 result(s) for 'Head of Infrastructure'.
2026-03-26 13:00:12  INFO      scrapers — [LinkedIn] Guest API returned 6 result(s) for 'SVP of Technology'.
2026-03-26 13:00:14  INFO      scrapers — [LinkedIn] Guest API returned 6 result(s) for 'EUC'.
2026-03-26 13:00:15  INFO      scrapers — [The Muse] Zero results — retrying 'CTO' with extended wait.
2026-03-26 13:00:16  INFO      scrapers — [LinkedIn] Guest API returned 5 result(s) for 'Director of Technology'.
2026-03-26 13:00:17  INFO      scrapers — [RemoteOK] Zero results — retrying 'CTO' with extended wait.
2026-03-26 13:00:17  INFO      scrapers — [Jobicy] Zero results — retrying 'CTO' with extended wait.
2026-03-26 13:00:32  INFO      scrapers — [Adzuna] Zero results — retrying 'CTO' with extended wait.
2026-03-26 13:00:37  WARNING   scrapers — [Glassdoor] Playwright error on https://www.glassdoor.com/Job/jobs.htm?sc.keyword=CTO&fromAge=1&sort.sortType=date&sort.descending=true: Page.goto: Timeout 35000ms exceeded.
Call log:
  - navigating to "https://www.glassdoor.com/Job/jobs.htm?sc.keyword=CTO&fromAge=1&sort.sortType=date&sort.descending=true", waiting until "domcontentloaded"

2026-03-26 13:01:19  INFO      scrapers — [Wellfound] Zero results — retrying 'CTO' with extended wait.
2026-03-26 13:01:20  INFO      scrapers — [CareerBuilder] Zero results — retrying 'CTO' with extended wait.
2026-03-26 13:01:23  INFO      scrapers — [Dice] Zero results — retrying 'CTO' with extended wait.
2026-03-26 13:01:24  INFO      scrapers — [Monster] Zero results — retrying 'CTO' with extended wait.
2026-03-26 13:01:30  INFO      scrapers — [ZipRecruiter] Zero results — retrying 'CTO' with extended wait.
2026-03-26 13:01:38  INFO      scrapers — [SimplyHired] Zero results — retrying 'CTO' with extended wait.
2026-03-26 13:01:52  INFO      scrapers —   Indeed → 124 result(s)
2026-03-26 13:01:52  INFO      scrapers —   LinkedIn → 50 result(s)
2026-03-26 13:01:52  INFO      scrapers —   ZipRecruiter → 0 result(s)
2026-03-26 13:01:52  INFO      scrapers —   Glassdoor → 175 result(s)
2026-03-26 13:01:52  INFO      scrapers —   Dice → 0 result(s)
2026-03-26 13:01:52  INFO      scrapers —   SimplyHired → 0 result(s)
2026-03-26 13:01:52  INFO      scrapers —   Monster → 0 result(s)
2026-03-26 13:01:52  INFO      scrapers —   The Muse → 0 result(s)
2026-03-26 13:01:52  INFO      scrapers —   Adzuna → 0 result(s)
2026-03-26 13:01:52  INFO      scrapers —   CareerBuilder → 0 result(s)
2026-03-26 13:01:52  INFO      scrapers —   RemoteOK → 0 result(s)
2026-03-26 13:01:52  INFO      scrapers —   Jobicy → 0 result(s)
2026-03-26 13:01:52  INFO      scrapers —   Builtin → 154 result(s)
2026-03-26 13:01:52  INFO      scrapers —   Wellfound → 0 result(s)
2026-03-26 13:01:52  INFO      scrapers — Fuzzy dedup removed 124 near-duplicate(s).
2026-03-26 13:01:52  INFO      jobhelp — After fuzzy dedup: 379 unique job(s).
2026-03-26 13:01:52  INFO      state — [state] Filtered 330 already-seen job(s).
2026-03-26 13:01:52  INFO      jobhelp — After state filter: 49 new job(s) to report.
2026-03-26 13:01:52  INFO      jobhelp — Keyword filter: removed 12 job(s) matching exclusion list.
2026-03-26 13:01:52  INFO      jobhelp — Geo-priority: 3 NJ/CT/NYC job(s) sorted to top.
2026-03-26 13:01:52  INFO      state — [state] Cached 37 job(s) for dashboard (run_ts=2026-03-26T17:01:52.723425+00:00).
2026-03-26 13:01:53  INFO      email_sender — Email sent to cmoskowitz@gmail.com (37 jobs)
2026-03-26 13:01:53  INFO      state — [state] Run recorded.
2026-03-26 15:00:01  INFO      jobhelp — JobHelp v4 — JobHelp Version 4
2026-03-26 15:00:01  INFO      state — [state] Last run was 2.0h ago — using 2h window.
2026-03-26 15:00:01  INFO      jobhelp — Search window: last 2 hour(s).
2026-03-26 15:00:02  INFO      scrapers — Scraper enabled: Indeed
2026-03-26 15:00:02  INFO      scrapers — Scraper enabled: LinkedIn
2026-03-26 15:00:02  INFO      scrapers — Scraper enabled: ZipRecruiter
2026-03-26 15:00:02  INFO      scrapers — Scraper enabled: Glassdoor
2026-03-26 15:00:02  INFO      scrapers — Scraper enabled: Dice
2026-03-26 15:00:02  INFO      scrapers — Scraper enabled: SimplyHired
2026-03-26 15:00:02  INFO      scrapers — Scraper enabled: Monster
2026-03-26 15:00:02  INFO      scrapers — Scraper enabled: The Muse
2026-03-26 15:00:02  INFO      scrapers — Scraper enabled: Adzuna
2026-03-26 15:00:02  INFO      scrapers — Scraper enabled: CareerBuilder
2026-03-26 15:00:02  INFO      scrapers — Scraper enabled: RemoteOK
2026-03-26 15:00:02  INFO      scrapers — Scraper enabled: Jobicy
2026-03-26 15:00:02  INFO      scrapers — Scraper enabled: Builtin
2026-03-26 15:00:02  INFO      scrapers — Scraper enabled: Wellfound
2026-03-26 15:00:02  INFO      scrapers — JobHelp v4 — 14 board(s) × 8 title(s) [parallel]
2026-03-26 15:00:02  INFO      scrapers — [LinkedIn] Guest API returned 9 result(s) for 'CTO'.
2026-03-26 15:00:04  INFO      scrapers — [LinkedIn] Guest API returned 9 result(s) for 'CIO'.
2026-03-26 15:00:06  INFO      scrapers — [LinkedIn] Guest API returned 8 result(s) for 'VP of Technology'.
2026-03-26 15:00:08  INFO      scrapers — [LinkedIn] Guest API returned 5 result(s) for 'Head of IT'.
2026-03-26 15:00:10  INFO      scrapers — [LinkedIn] Guest API returned 5 result(s) for 'Head of Infrastructure'.
2026-03-26 15:00:13  INFO      scrapers — [LinkedIn] Guest API returned 9 result(s) for 'SVP of Technology'.
2026-03-26 15:00:15  INFO      scrapers — [LinkedIn] Guest API returned 6 result(s) for 'EUC'.
2026-03-26 15:00:15  INFO      scrapers — [The Muse] Zero results — retrying 'CTO' with extended wait.
2026-03-26 15:00:16  INFO      scrapers — [Jobicy] Zero results — retrying 'CTO' with extended wait.
2026-03-26 15:00:17  INFO      scrapers — [LinkedIn] Guest API returned 5 result(s) for 'Director of Technology'.
2026-03-26 15:00:17  INFO      scrapers — [RemoteOK] Zero results — retrying 'CTO' with extended wait.
2026-03-26 15:00:21  INFO      scrapers — [Adzuna] Zero results — retrying 'CTO' with extended wait.
2026-03-26 15:01:19  INFO      scrapers — [Wellfound] Zero results — retrying 'CTO' with extended wait.
2026-03-26 15:01:21  INFO      scrapers — [CareerBuilder] Zero results — retrying 'CTO' with extended wait.
2026-03-26 15:01:24  INFO      scrapers — [Dice] Zero results — retrying 'CTO' with extended wait.
2026-03-26 15:01:24  INFO      scrapers — [Monster] Zero results — retrying 'CTO' with extended wait.
2026-03-26 15:01:25  INFO      scrapers — [ZipRecruiter] Zero results — retrying 'CTO' with extended wait.
2026-03-26 15:01:40  INFO      scrapers — [SimplyHired] Zero results — retrying 'CTO' with extended wait.
2026-03-26 15:01:55  INFO      scrapers —   Indeed → 118 result(s)
2026-03-26 15:01:55  INFO      scrapers —   LinkedIn → 56 result(s)
2026-03-26 15:01:55  INFO      scrapers —   ZipRecruiter → 0 result(s)
2026-03-26 15:01:55  INFO      scrapers —   Glassdoor → 200 result(s)
2026-03-26 15:01:55  INFO      scrapers —   Dice → 0 result(s)
2026-03-26 15:01:55  INFO      scrapers —   SimplyHired → 0 result(s)
2026-03-26 15:01:55  INFO      scrapers —   Monster → 0 result(s)
2026-03-26 15:01:55  INFO      scrapers —   The Muse → 0 result(s)
2026-03-26 15:01:55  INFO      scrapers —   Adzuna → 0 result(s)
2026-03-26 15:01:55  INFO      scrapers —   CareerBuilder → 0 result(s)
2026-03-26 15:01:55  INFO      scrapers —   RemoteOK → 0 result(s)
2026-03-26 15:01:55  INFO      scrapers —   Jobicy → 0 result(s)
2026-03-26 15:01:55  INFO      scrapers —   Builtin → 154 result(s)
2026-03-26 15:01:55  INFO      scrapers —   Wellfound → 0 result(s)
2026-03-26 15:01:55  INFO      scrapers — Fuzzy dedup removed 132 near-duplicate(s).
2026-03-26 15:01:55  INFO      jobhelp — After fuzzy dedup: 396 unique job(s).
2026-03-26 15:01:55  INFO      state — [state] Filtered 365 already-seen job(s).
2026-03-26 15:01:55  INFO      jobhelp — After state filter: 31 new job(s) to report.
2026-03-26 15:01:55  INFO      jobhelp — Keyword filter: removed 14 job(s) matching exclusion list.
2026-03-26 15:01:55  INFO      jobhelp — Geo-priority: 1 NJ/CT/NYC job(s) sorted to top.
2026-03-26 15:01:55  INFO      state — [state] Cached 17 job(s) for dashboard (run_ts=2026-03-26T19:01:55.851957+00:00).
2026-03-26 15:01:57  INFO      email_sender — Email sent to cmoskowitz@gmail.com (17 jobs)
2026-03-26 15:01:57  INFO      state — [state] Run recorded.
2026-03-26 17:00:02  INFO      jobhelp — JobHelp v4 — JobHelp Version 4
2026-03-26 17:00:02  INFO      state — [state] Last run was 2.0h ago — using 2h window.
2026-03-26 17:00:02  INFO      jobhelp — Search window: last 2 hour(s).
2026-03-26 17:00:05  INFO      scrapers — Scraper enabled: Indeed
2026-03-26 17:00:05  INFO      scrapers — Scraper enabled: LinkedIn
2026-03-26 17:00:05  INFO      scrapers — Scraper enabled: ZipRecruiter
2026-03-26 17:00:05  INFO      scrapers — Scraper enabled: Glassdoor
2026-03-26 17:00:05  INFO      scrapers — Scraper enabled: Dice
2026-03-26 17:00:05  INFO      scrapers — Scraper enabled: SimplyHired
2026-03-26 17:00:05  INFO      scrapers — Scraper enabled: Monster
2026-03-26 17:00:05  INFO      scrapers — Scraper enabled: The Muse
2026-03-26 17:00:05  INFO      scrapers — Scraper enabled: Adzuna
2026-03-26 17:00:05  INFO      scrapers — Scraper enabled: CareerBuilder
2026-03-26 17:00:05  INFO      scrapers — Scraper enabled: RemoteOK
2026-03-26 17:00:05  INFO      scrapers — Scraper enabled: Jobicy
2026-03-26 17:00:05  INFO      scrapers — Scraper enabled: Builtin
2026-03-26 17:00:05  INFO      scrapers — Scraper enabled: Wellfound
2026-03-26 17:00:05  INFO      scrapers — JobHelp v4 — 14 board(s) × 8 title(s) [parallel]
2026-03-26 17:00:06  INFO      scrapers — [LinkedIn] Guest API returned 10 result(s) for 'CTO'.
2026-03-26 17:00:08  INFO      scrapers — [LinkedIn] Guest API returned 10 result(s) for 'CIO'.
2026-03-26 17:00:10  INFO      scrapers — [LinkedIn] Guest API returned 9 result(s) for 'VP of Technology'.
2026-03-26 17:00:12  INFO      scrapers — [LinkedIn] Guest API returned 6 result(s) for 'Head of IT'.
2026-03-26 17:00:14  INFO      scrapers — [LinkedIn] Guest API returned 7 result(s) for 'Head of Infrastructure'.
2026-03-26 17:00:16  INFO      scrapers — [LinkedIn] Guest API returned 9 result(s) for 'SVP of Technology'.
2026-03-26 17:00:18  INFO      scrapers — [LinkedIn] Guest API returned 9 result(s) for 'EUC'.
2026-03-26 17:00:19  INFO      scrapers — [The Muse] Zero results — retrying 'CTO' with extended wait.
2026-03-26 17:00:20  INFO      scrapers — [Jobicy] Zero results — retrying 'CTO' with extended wait.
2026-03-26 17:00:20  INFO      scrapers — [LinkedIn] Guest API returned 9 result(s) for 'Director of Technology'.
2026-03-26 17:00:21  INFO      scrapers — [RemoteOK] Zero results — retrying 'CTO' with extended wait.
2026-03-26 17:00:31  INFO      scrapers — [Adzuna] Zero results — retrying 'CTO' with extended wait.
2026-03-26 17:01:23  INFO      scrapers — [Wellfound] Zero results — retrying 'CTO' with extended wait.
2026-03-26 17:01:23  INFO      scrapers — [CareerBuilder] Zero results — retrying 'CTO' with extended wait.
2026-03-26 17:01:26  INFO      scrapers — [Monster] Zero results — retrying 'CTO' with extended wait.
2026-03-26 17:01:28  INFO      scrapers — [Dice] Zero results — retrying 'CTO' with extended wait.
2026-03-26 17:01:29  INFO      scrapers — [ZipRecruiter] Zero results — retrying 'CTO' with extended wait.
2026-03-26 17:01:39  INFO      scrapers — [SimplyHired] Zero results — retrying 'CTO' with extended wait.
2026-03-26 17:01:53  INFO      scrapers —   Indeed → 103 result(s)
2026-03-26 17:01:53  INFO      scrapers —   LinkedIn → 69 result(s)
2026-03-26 17:01:53  INFO      scrapers —   ZipRecruiter → 0 result(s)
2026-03-26 17:01:53  INFO      scrapers —   Glassdoor → 200 result(s)
2026-03-26 17:01:53  INFO      scrapers —   Dice → 0 result(s)
2026-03-26 17:01:53  INFO      scrapers —   SimplyHired → 0 result(s)
2026-03-26 17:01:53  INFO      scrapers —   Monster → 0 result(s)
2026-03-26 17:01:53  INFO      scrapers —   The Muse → 0 result(s)
2026-03-26 17:01:53  INFO      scrapers —   Adzuna → 0 result(s)
2026-03-26 17:01:53  INFO      scrapers —   CareerBuilder → 0 result(s)
2026-03-26 17:01:53  INFO      scrapers —   RemoteOK → 0 result(s)
2026-03-26 17:01:53  INFO      scrapers —   Jobicy → 0 result(s)
2026-03-26 17:01:53  INFO      scrapers —   Builtin → 156 result(s)
2026-03-26 17:01:53  INFO      scrapers —   Wellfound → 0 result(s)
2026-03-26 17:01:53  INFO      scrapers — Fuzzy dedup removed 142 near-duplicate(s).
2026-03-26 17:01:53  INFO      jobhelp — After fuzzy dedup: 386 unique job(s).
2026-03-26 17:01:53  INFO      state — [state] Filtered 321 already-seen job(s).
2026-03-26 17:01:53  INFO      jobhelp — After state filter: 65 new job(s) to report.
2026-03-26 17:01:53  INFO      jobhelp — Keyword filter: removed 14 job(s) matching exclusion list.
2026-03-26 17:01:53  INFO      jobhelp — Geo-priority: 12 NJ/CT/NYC job(s) sorted to top.
2026-03-26 17:01:53  INFO      state — [state] Cached 51 job(s) for dashboard (run_ts=2026-03-26T21:01:53.862160+00:00).
2026-03-26 17:01:54  INFO      email_sender — Email sent to cmoskowitz@gmail.com (51 jobs)
2026-03-26 17:01:54  INFO      state — [state] Run recorded.
2026-03-26 19:00:01  INFO      jobhelp — JobHelp v4 — JobHelp Version 4
2026-03-26 19:00:01  INFO      state — [state] Last run was 2.0h ago — using 2h window.
2026-03-26 19:00:01  INFO      jobhelp — Search window: last 2 hour(s).
2026-03-26 19:00:02  INFO      scrapers — Scraper enabled: Indeed
2026-03-26 19:00:02  INFO      scrapers — Scraper enabled: LinkedIn
2026-03-26 19:00:02  INFO      scrapers — Scraper enabled: ZipRecruiter
2026-03-26 19:00:02  INFO      scrapers — Scraper enabled: Glassdoor
2026-03-26 19:00:02  INFO      scrapers — Scraper enabled: Dice
2026-03-26 19:00:02  INFO      scrapers — Scraper enabled: SimplyHired
2026-03-26 19:00:02  INFO      scrapers — Scraper enabled: Monster
2026-03-26 19:00:02  INFO      scrapers — Scraper enabled: The Muse
2026-03-26 19:00:02  INFO      scrapers — Scraper enabled: Adzuna
2026-03-26 19:00:02  INFO      scrapers — Scraper enabled: CareerBuilder
2026-03-26 19:00:02  INFO      scrapers — Scraper enabled: RemoteOK
2026-03-26 19:00:02  INFO      scrapers — Scraper enabled: Jobicy
2026-03-26 19:00:02  INFO      scrapers — Scraper enabled: Builtin
2026-03-26 19:00:02  INFO      scrapers — Scraper enabled: Wellfound
2026-03-26 19:00:02  INFO      scrapers — JobHelp v4 — 14 board(s) × 8 title(s) [parallel]
2026-03-26 19:00:02  INFO      scrapers — [LinkedIn] Guest API returned 10 result(s) for 'CTO'.
2026-03-26 19:00:05  INFO      scrapers — [LinkedIn] Guest API returned 10 result(s) for 'CIO'.
2026-03-26 19:00:06  INFO      scrapers — [LinkedIn] Guest API returned 10 result(s) for 'VP of Technology'.
2026-03-26 19:00:08  INFO      scrapers — [LinkedIn] Guest API returned 8 result(s) for 'Head of IT'.
2026-03-26 19:00:10  INFO      scrapers — [LinkedIn] Guest API returned 8 result(s) for 'Head of Infrastructure'.
2026-03-26 19:00:12  INFO      scrapers — [LinkedIn] Guest API returned 10 result(s) for 'SVP of Technology'.
2026-03-26 19:00:14  INFO      scrapers — [LinkedIn] Guest API returned 10 result(s) for 'EUC'.
2026-03-26 19:00:15  INFO      scrapers — [The Muse] Zero results — retrying 'CTO' with extended wait.
2026-03-26 19:00:16  INFO      scrapers — [LinkedIn] Guest API returned 10 result(s) for 'Director of Technology'.
2026-03-26 19:00:17  INFO      scrapers — [RemoteOK] Zero results — retrying 'CTO' with extended wait.
2026-03-26 19:00:18  INFO      scrapers — [Jobicy] Zero results — retrying 'CTO' with extended wait.
2026-03-26 19:00:30  INFO      scrapers — [Adzuna] Zero results — retrying 'CTO' with extended wait.
2026-03-26 19:01:20  INFO      scrapers — [Wellfound] Zero results — retrying 'CTO' with extended wait.
2026-03-26 19:01:20  INFO      scrapers — [CareerBuilder] Zero results — retrying 'CTO' with extended wait.
2026-03-26 19:01:23  INFO      scrapers — [Dice] Zero results — retrying 'CTO' with extended wait.
2026-03-26 19:01:23  INFO      scrapers — [Monster] Zero results — retrying 'CTO' with extended wait.
2026-03-26 19:01:25  INFO      scrapers — [ZipRecruiter] Zero results — retrying 'CTO' with extended wait.
2026-03-26 19:01:38  INFO      scrapers — [SimplyHired] Zero results — retrying 'CTO' with extended wait.
2026-03-26 19:01:52  INFO      scrapers —   Indeed → 123 result(s)
2026-03-26 19:01:52  INFO      scrapers —   LinkedIn → 76 result(s)
2026-03-26 19:01:52  INFO      scrapers —   ZipRecruiter → 0 result(s)
2026-03-26 19:01:52  INFO      scrapers —   Glassdoor → 200 result(s)
2026-03-26 19:01:52  INFO      scrapers —   Dice → 0 result(s)
2026-03-26 19:01:52  INFO      scrapers —   SimplyHired → 0 result(s)
2026-03-26 19:01:52  INFO      scrapers —   Monster → 0 result(s)
2026-03-26 19:01:52  INFO      scrapers —   The Muse → 0 result(s)
2026-03-26 19:01:52  INFO      scrapers —   Adzuna → 0 result(s)
2026-03-26 19:01:52  INFO      scrapers —   CareerBuilder → 0 result(s)
2026-03-26 19:01:52  INFO      scrapers —   RemoteOK → 0 result(s)
2026-03-26 19:01:52  INFO      scrapers —   Jobicy → 0 result(s)
2026-03-26 19:01:52  INFO      scrapers —   Builtin → 156 result(s)
2026-03-26 19:01:52  INFO      scrapers —   Wellfound → 0 result(s)
2026-03-26 19:01:52  INFO      scrapers — Fuzzy dedup removed 135 near-duplicate(s).
2026-03-26 19:01:52  INFO      jobhelp — After fuzzy dedup: 420 unique job(s).
2026-03-26 19:01:52  INFO      state — [state] Filtered 362 already-seen job(s).
2026-03-26 19:01:52  INFO      jobhelp — After state filter: 58 new job(s) to report.
2026-03-26 19:01:52  INFO      jobhelp — Keyword filter: removed 13 job(s) matching exclusion list.
2026-03-26 19:01:52  INFO      jobhelp — Geo-priority: 7 NJ/CT/NYC job(s) sorted to top.
2026-03-26 19:01:52  INFO      state — [state] Cached 45 job(s) for dashboard (run_ts=2026-03-26T23:01:52.360592+00:00).
2026-03-26 19:01:53  INFO      email_sender — Email sent to cmoskowitz@gmail.com (45 jobs)
2026-03-26 19:01:53  INFO      state — [state] Run recorded.
2026-03-26 21:00:03  INFO      jobhelp — JobHelp v4 — JobHelp Version 4
2026-03-26 21:00:03  INFO      state — [state] Last run was 2.0h ago — using 2h window.
2026-03-26 21:00:03  INFO      jobhelp — Search window: last 2 hour(s).
2026-03-26 21:00:06  INFO      scrapers — Scraper enabled: Indeed
2026-03-26 21:00:06  INFO      scrapers — Scraper enabled: LinkedIn
2026-03-26 21:00:06  INFO      scrapers — Scraper enabled: ZipRecruiter
2026-03-26 21:00:06  INFO      scrapers — Scraper enabled: Glassdoor
2026-03-26 21:00:06  INFO      scrapers — Scraper enabled: Dice
2026-03-26 21:00:06  INFO      scrapers — Scraper enabled: SimplyHired
2026-03-26 21:00:06  INFO      scrapers — Scraper enabled: Monster
2026-03-26 21:00:06  INFO      scrapers — Scraper enabled: The Muse
2026-03-26 21:00:06  INFO      scrapers — Scraper enabled: Adzuna
2026-03-26 21:00:06  INFO      scrapers — Scraper enabled: CareerBuilder
2026-03-26 21:00:06  INFO      scrapers — Scraper enabled: RemoteOK
2026-03-26 21:00:06  INFO      scrapers — Scraper enabled: Jobicy
2026-03-26 21:00:06  INFO      scrapers — Scraper enabled: Builtin
2026-03-26 21:00:06  INFO      scrapers — Scraper enabled: Wellfound
2026-03-26 21:00:06  INFO      scrapers — JobHelp v4 — 14 board(s) × 8 title(s) [parallel]
2026-03-26 21:00:07  INFO      scrapers — [LinkedIn] Guest API empty for 'CTO', trying Playwright.
2026-03-26 21:00:19  INFO      scrapers — [LinkedIn] Guest API empty for 'CIO', trying Playwright.
2026-03-26 21:00:19  INFO      scrapers — [The Muse] Zero results — retrying 'CTO' with extended wait.
2026-03-26 21:00:21  INFO      scrapers — [RemoteOK] Zero results — retrying 'CTO' with extended wait.
2026-03-26 21:00:22  INFO      scrapers — [Jobicy] Zero results — retrying 'CTO' with extended wait.
2026-03-26 21:00:29  INFO      scrapers — [LinkedIn] Guest API empty for 'VP of Technology', trying Playwright.
2026-03-26 21:00:32  INFO      scrapers — [Adzuna] Zero results — retrying 'CTO' with extended wait.
2026-03-26 21:00:38  INFO      scrapers — [LinkedIn] Guest API empty for 'Head of IT', trying Playwright.
2026-03-26 21:00:49  INFO      scrapers — [LinkedIn] Guest API empty for 'Head of Infrastructure', trying Playwright.
2026-03-26 21:01:02  INFO      scrapers — [LinkedIn] Guest API empty for 'SVP of Technology', trying Playwright.
2026-03-26 21:01:10  INFO      scrapers — [LinkedIn] Guest API empty for 'EUC', trying Playwright.
2026-03-26 21:01:19  INFO      scrapers — [LinkedIn] Guest API empty for 'Director of Technology', trying Playwright.
2026-03-26 21:01:24  INFO      scrapers — [Wellfound] Zero results — retrying 'CTO' with extended wait.
2026-03-26 21:01:24  INFO      scrapers — [CareerBuilder] Zero results — retrying 'CTO' with extended wait.
2026-03-26 21:01:28  INFO      scrapers — [Dice] Zero results — retrying 'CTO' with extended wait.
2026-03-26 21:01:28  INFO      scrapers — [Monster] Zero results — retrying 'CTO' with extended wait.
2026-03-26 21:01:29  INFO      scrapers — [ZipRecruiter] Zero results — retrying 'CTO' with extended wait.
2026-03-26 21:01:39  INFO      scrapers — [SimplyHired] Zero results — retrying 'CTO' with extended wait.
2026-03-26 21:01:52  INFO      scrapers —   Indeed → 129 result(s)
2026-03-26 21:01:52  INFO      scrapers —   LinkedIn → 2 result(s)
2026-03-26 21:01:52  INFO      scrapers —   ZipRecruiter → 0 result(s)
2026-03-26 21:01:52  INFO      scrapers —   Glassdoor → 200 result(s)
2026-03-26 21:01:52  INFO      scrapers —   Dice → 0 result(s)
2026-03-26 21:01:52  INFO      scrapers —   SimplyHired → 0 result(s)
2026-03-26 21:01:52  INFO      scrapers —   Monster → 0 result(s)
2026-03-26 21:01:52  INFO      scrapers —   The Muse → 0 result(s)
2026-03-26 21:01:52  INFO      scrapers —   Adzuna → 0 result(s)
2026-03-26 21:01:52  INFO      scrapers —   CareerBuilder → 0 result(s)
2026-03-26 21:01:52  INFO      scrapers —   RemoteOK → 0 result(s)
2026-03-26 21:01:52  INFO      scrapers —   Jobicy → 0 result(s)
2026-03-26 21:01:52  INFO      scrapers —   Builtin → 155 result(s)
2026-03-26 21:01:52  INFO      scrapers —   Wellfound → 0 result(s)
2026-03-26 21:01:53  INFO      scrapers — Fuzzy dedup removed 100 near-duplicate(s).
2026-03-26 21:01:53  INFO      jobhelp — After fuzzy dedup: 386 unique job(s).
2026-03-26 21:01:53  INFO      state — [state] Filtered 322 already-seen job(s).
2026-03-26 21:01:53  INFO      jobhelp — After state filter: 64 new job(s) to report.
2026-03-26 21:01:53  INFO      jobhelp — Keyword filter: removed 12 job(s) matching exclusion list.
2026-03-26 21:01:53  INFO      jobhelp — Geo-priority: 6 NJ/CT/NYC job(s) sorted to top.
2026-03-26 21:01:53  INFO      state — [state] Cached 52 job(s) for dashboard (run_ts=2026-03-27T01:01:53.123273+00:00).
2026-03-26 21:01:54  INFO      email_sender — Email sent to cmoskowitz@gmail.com (52 jobs)
2026-03-26 21:01:54  INFO      state — [state] Run recorded.
2026-03-27 07:00:03  INFO      jobhelp — JobHelp v4 — JobHelp Version 4
2026-03-27 07:00:03  INFO      state — [state] No prior run today — using 24h window.
2026-03-27 07:00:03  INFO      jobhelp — Search window: last 24 hour(s).
2026-03-27 07:00:06  INFO      scrapers — Scraper enabled: Indeed
2026-03-27 07:00:06  INFO      scrapers — Scraper enabled: LinkedIn
2026-03-27 07:00:06  INFO      scrapers — Scraper enabled: ZipRecruiter
2026-03-27 07:00:06  INFO      scrapers — Scraper enabled: Glassdoor
2026-03-27 07:00:06  INFO      scrapers — Scraper enabled: Dice
2026-03-27 07:00:06  INFO      scrapers — Scraper enabled: SimplyHired
2026-03-27 07:00:06  INFO      scrapers — Scraper enabled: Monster
2026-03-27 07:00:06  INFO      scrapers — Scraper enabled: The Muse
2026-03-27 07:00:06  INFO      scrapers — Scraper enabled: Adzuna
2026-03-27 07:00:06  INFO      scrapers — Scraper enabled: CareerBuilder
2026-03-27 07:00:06  INFO      scrapers — Scraper enabled: RemoteOK
2026-03-27 07:00:06  INFO      scrapers — Scraper enabled: Jobicy
2026-03-27 07:00:06  INFO      scrapers — Scraper enabled: Builtin
2026-03-27 07:00:06  INFO      scrapers — Scraper enabled: Wellfound
2026-03-27 07:00:06  INFO      scrapers — JobHelp v4 — 14 board(s) × 8 title(s) [parallel]
2026-03-27 07:00:07  INFO      scrapers — [LinkedIn] Guest API returned 1 result(s) for 'CTO'.
2026-03-27 07:00:09  INFO      scrapers — [LinkedIn] Guest API returned 2 result(s) for 'CIO'.
2026-03-27 07:00:11  INFO      scrapers — [LinkedIn] Guest API returned 4 result(s) for 'VP of Technology'.
2026-03-27 07:00:13  INFO      scrapers — [LinkedIn] Guest API returned 3 result(s) for 'Head of IT'.
2026-03-27 07:00:15  INFO      scrapers — [LinkedIn] Guest API returned 1 result(s) for 'Head of Infrastructure'.
2026-03-27 07:00:17  INFO      scrapers — [LinkedIn] Guest API returned 3 result(s) for 'SVP of Technology'.
2026-03-27 07:00:19  INFO      scrapers — [LinkedIn] Guest API returned 2 result(s) for 'EUC'.
2026-03-27 07:00:21  INFO      scrapers — [LinkedIn] Guest API returned 2 result(s) for 'Director of Technology'.
2026-03-27 07:00:22  INFO      scrapers — [RemoteOK] Zero results — retrying 'CTO' with extended wait.
2026-03-27 07:00:22  INFO      scrapers — [The Muse] Zero results — retrying 'CTO' with extended wait.
2026-03-27 07:00:22  INFO      scrapers — [Jobicy] Zero results — retrying 'CTO' with extended wait.
2026-03-27 07:01:24  INFO      scrapers — [Wellfound] Zero results — retrying 'CTO' with extended wait.
2026-03-27 07:01:24  INFO      scrapers — [CareerBuilder] Zero results — retrying 'CTO' with extended wait.
2026-03-27 07:01:28  INFO      scrapers — [Dice] Zero results — retrying 'CTO' with extended wait.
2026-03-27 07:01:28  INFO      scrapers — [Monster] Zero results — retrying 'CTO' with extended wait.
2026-03-27 07:01:29  INFO      scrapers — [ZipRecruiter] Zero results — retrying 'CTO' with extended wait.
2026-03-27 07:01:41  INFO      scrapers — [SimplyHired] Zero results — retrying 'CTO' with extended wait.
2026-03-27 07:01:54  INFO      scrapers —   Indeed → 106 result(s)
2026-03-27 07:01:54  INFO      scrapers —   LinkedIn → 18 result(s)
2026-03-27 07:01:54  INFO      scrapers —   ZipRecruiter → 0 result(s)
2026-03-27 07:01:54  INFO      scrapers —   Glassdoor → 200 result(s)
2026-03-27 07:01:54  INFO      scrapers —   Dice → 0 result(s)
2026-03-27 07:01:54  INFO      scrapers —   SimplyHired → 0 result(s)
2026-03-27 07:01:54  INFO      scrapers —   Monster → 0 result(s)
2026-03-27 07:01:54  INFO      scrapers —   The Muse → 0 result(s)
2026-03-27 07:01:54  INFO      scrapers —   Adzuna → 123 result(s)
2026-03-27 07:01:54  INFO      scrapers —   CareerBuilder → 0 result(s)
2026-03-27 07:01:54  INFO      scrapers —   RemoteOK → 0 result(s)
2026-03-27 07:01:54  INFO      scrapers —   Jobicy → 0 result(s)
2026-03-27 07:01:54  INFO      scrapers —   Builtin → 156 result(s)
2026-03-27 07:01:54  INFO      scrapers —   Wellfound → 0 result(s)
2026-03-27 07:01:54  INFO      scrapers — Fuzzy dedup removed 115 near-duplicate(s).
2026-03-27 07:01:54  INFO      jobhelp — After fuzzy dedup: 488 unique job(s).
2026-03-27 07:01:54  INFO      state — [state] Filtered 121 already-seen job(s).
2026-03-27 07:01:54  INFO      jobhelp — After state filter: 367 new job(s) to report.
2026-03-27 07:01:54  INFO      jobhelp — Keyword filter: removed 23 job(s) matching exclusion list.
2026-03-27 07:01:54  INFO      jobhelp — Geo-priority: 23 NJ/CT/NYC job(s) sorted to top.
2026-03-27 07:01:54  INFO      state — [state] Cached 344 job(s) for dashboard (run_ts=2026-03-27T11:01:54.931783+00:00).
2026-03-27 07:01:56  INFO      email_sender — Email sent to cmoskowitz@gmail.com (344 jobs)
2026-03-27 07:01:56  INFO      state — [state] Run recorded.
2026-03-27 09:00:03  INFO      jobhelp — JobHelp v4 — JobHelp Version 4
2026-03-27 09:00:03  INFO      state — [state] Last run was 2.0h ago — using 2h window.
2026-03-27 09:00:03  INFO      jobhelp — Search window: last 2 hour(s).
2026-03-27 09:00:07  INFO      scrapers — Scraper enabled: Indeed
2026-03-27 09:00:07  INFO      scrapers — Scraper enabled: LinkedIn
2026-03-27 09:00:07  INFO      scrapers — Scraper enabled: ZipRecruiter
2026-03-27 09:00:07  INFO      scrapers — Scraper enabled: Glassdoor
2026-03-27 09:00:07  INFO      scrapers — Scraper enabled: Dice
2026-03-27 09:00:07  INFO      scrapers — Scraper enabled: SimplyHired
2026-03-27 09:00:07  INFO      scrapers — Scraper enabled: Monster
2026-03-27 09:00:07  INFO      scrapers — Scraper enabled: The Muse
2026-03-27 09:00:07  INFO      scrapers — Scraper enabled: Adzuna
2026-03-27 09:00:07  INFO      scrapers — Scraper enabled: CareerBuilder
2026-03-27 09:00:07  INFO      scrapers — Scraper enabled: RemoteOK
2026-03-27 09:00:07  INFO      scrapers — Scraper enabled: Jobicy
2026-03-27 09:00:07  INFO      scrapers — Scraper enabled: Builtin
2026-03-27 09:00:07  INFO      scrapers — Scraper enabled: Wellfound
2026-03-27 09:00:07  INFO      scrapers — JobHelp v4 — 14 board(s) × 8 title(s) [parallel]
2026-03-27 09:00:08  INFO      scrapers — [LinkedIn] Guest API returned 1 result(s) for 'CTO'.
2026-03-27 09:00:10  INFO      scrapers — [LinkedIn] Guest API returned 2 result(s) for 'CIO'.
2026-03-27 09:00:12  INFO      scrapers — [LinkedIn] Guest API returned 5 result(s) for 'VP of Technology'.
2026-03-27 09:00:14  INFO      scrapers — [LinkedIn] Guest API returned 3 result(s) for 'Head of IT'.
2026-03-27 09:00:15  INFO      scrapers — [LinkedIn] Guest API returned 1 result(s) for 'Head of Infrastructure'.
2026-03-27 09:00:17  INFO      scrapers — [LinkedIn] Guest API returned 4 result(s) for 'SVP of Technology'.
2026-03-27 09:00:19  INFO      scrapers — [LinkedIn] Guest API returned 3 result(s) for 'EUC'.
2026-03-27 09:00:20  INFO      scrapers — [The Muse] Zero results — retrying 'CTO' with extended wait.
2026-03-27 09:00:21  INFO      scrapers — [LinkedIn] Guest API returned 5 result(s) for 'Director of Technology'.
2026-03-27 09:00:22  INFO      scrapers — [RemoteOK] Zero results — retrying 'CTO' with extended wait.
2026-03-27 09:00:22  INFO      scrapers — [Jobicy] Zero results — retrying 'CTO' with extended wait.
2026-03-27 09:00:37  INFO      scrapers — [Adzuna] Zero results — retrying 'CTO' with extended wait.
2026-03-27 09:01:25  INFO      scrapers — [Wellfound] Zero results — retrying 'CTO' with extended wait.
2026-03-27 09:01:25  INFO      scrapers — [CareerBuilder] Zero results — retrying 'CTO' with extended wait.
2026-03-27 09:01:29  INFO      scrapers — [Dice] Zero results — retrying 'CTO' with extended wait.
2026-03-27 09:01:29  INFO      scrapers — [Monster] Zero results — retrying 'CTO' with extended wait.
2026-03-27 09:01:33  INFO      scrapers — [ZipRecruiter] Zero results — retrying 'CTO' with extended wait.
2026-03-27 09:01:45  INFO      scrapers — [SimplyHired] Zero results — retrying 'CTO' with extended wait.
2026-03-27 09:02:00  INFO      scrapers —   Indeed → 105 result(s)
2026-03-27 09:02:00  INFO      scrapers —   LinkedIn → 24 result(s)
2026-03-27 09:02:00  INFO      scrapers —   ZipRecruiter → 0 result(s)
2026-03-27 09:02:00  INFO      scrapers —   Glassdoor → 175 result(s)
2026-03-27 09:02:00  INFO      scrapers —   Dice → 0 result(s)
2026-03-27 09:02:00  INFO      scrapers —   SimplyHired → 0 result(s)
2026-03-27 09:02:00  INFO      scrapers —   Monster → 0 result(s)
2026-03-27 09:02:00  INFO      scrapers —   The Muse → 0 result(s)
2026-03-27 09:02:00  INFO      scrapers —   Adzuna → 0 result(s)
2026-03-27 09:02:00  INFO      scrapers —   CareerBuilder → 0 result(s)
2026-03-27 09:02:00  INFO      scrapers —   RemoteOK → 0 result(s)
2026-03-27 09:02:00  INFO      scrapers —   Jobicy → 0 result(s)
2026-03-27 09:02:00  INFO      scrapers —   Builtin → 157 result(s)
2026-03-27 09:02:00  INFO      scrapers —   Wellfound → 0 result(s)
2026-03-27 09:02:01  INFO      scrapers — Fuzzy dedup removed 104 near-duplicate(s).
2026-03-27 09:02:01  INFO      jobhelp — After fuzzy dedup: 357 unique job(s).
2026-03-27 09:02:01  INFO      state — [state] Filtered 279 already-seen job(s).
2026-03-27 09:02:01  INFO      jobhelp — After state filter: 78 new job(s) to report.
2026-03-27 09:02:01  INFO      jobhelp — Keyword filter: removed 12 job(s) matching exclusion list.
2026-03-27 09:02:01  INFO      jobhelp — Geo-priority: 6 NJ/CT/NYC job(s) sorted to top.
2026-03-27 09:02:01  INFO      state — [state] Cached 66 job(s) for dashboard (run_ts=2026-03-27T13:02:01.075657+00:00).
2026-03-27 09:02:02  INFO      email_sender — Email sent to cmoskowitz@gmail.com (66 jobs)
2026-03-27 09:02:02  INFO      state — [state] Run recorded.
2026-03-27 11:00:01  INFO      jobhelp — JobHelp v4 — JobHelp Version 4
2026-03-27 11:00:01  INFO      state — [state] Last run was 2.0h ago — using 2h window.
2026-03-27 11:00:01  INFO      jobhelp — Search window: last 2 hour(s).
2026-03-27 11:00:02  INFO      scrapers — Scraper enabled: Indeed
2026-03-27 11:00:02  INFO      scrapers — Scraper enabled: LinkedIn
2026-03-27 11:00:02  INFO      scrapers — Scraper enabled: ZipRecruiter
2026-03-27 11:00:02  INFO      scrapers — Scraper enabled: Glassdoor
2026-03-27 11:00:02  INFO      scrapers — Scraper enabled: Dice
2026-03-27 11:00:02  INFO      scrapers — Scraper enabled: SimplyHired
2026-03-27 11:00:02  INFO      scrapers — Scraper enabled: Monster
2026-03-27 11:00:02  INFO      scrapers — Scraper enabled: The Muse
2026-03-27 11:00:02  INFO      scrapers — Scraper enabled: Adzuna
2026-03-27 11:00:02  INFO      scrapers — Scraper enabled: CareerBuilder
2026-03-27 11:00:02  INFO      scrapers — Scraper enabled: RemoteOK
2026-03-27 11:00:02  INFO      scrapers — Scraper enabled: Jobicy
2026-03-27 11:00:02  INFO      scrapers — Scraper enabled: Builtin
2026-03-27 11:00:02  INFO      scrapers — Scraper enabled: Wellfound
2026-03-27 11:00:02  INFO      scrapers — JobHelp v4 — 14 board(s) × 8 title(s) [parallel]
2026-03-27 11:00:03  INFO      scrapers — [LinkedIn] Guest API returned 3 result(s) for 'CTO'.
2026-03-27 11:00:05  INFO      scrapers — [LinkedIn] Guest API returned 4 result(s) for 'CIO'.
2026-03-27 11:00:07  INFO      scrapers — [LinkedIn] Guest API returned 7 result(s) for 'VP of Technology'.
2026-03-27 11:00:09  INFO      scrapers — [LinkedIn] Guest API returned 3 result(s) for 'Head of IT'.
2026-03-27 11:00:11  INFO      scrapers — [LinkedIn] Guest API returned 2 result(s) for 'Head of Infrastructure'.
2026-03-27 11:00:12  INFO      scrapers — [LinkedIn] Guest API returned 7 result(s) for 'SVP of Technology'.
2026-03-27 11:00:14  INFO      scrapers — [LinkedIn] Guest API returned 4 result(s) for 'EUC'.
2026-03-27 11:00:16  INFO      scrapers — [The Muse] Zero results — retrying 'CTO' with extended wait.
2026-03-27 11:00:16  INFO      scrapers — [LinkedIn] Guest API returned 8 result(s) for 'Director of Technology'.
2026-03-27 11:00:17  INFO      scrapers — [RemoteOK] Zero results — retrying 'CTO' with extended wait.
2026-03-27 11:00:18  INFO      scrapers — [Jobicy] Zero results — retrying 'CTO' with extended wait.
2026-03-27 11:00:30  INFO      scrapers — [Adzuna] Zero results — retrying 'CTO' with extended wait.
2026-03-27 11:01:20  INFO      scrapers — [Wellfound] Zero results — retrying 'CTO' with extended wait.
2026-03-27 11:01:20  INFO      scrapers — [CareerBuilder] Zero results — retrying 'CTO' with extended wait.
2026-03-27 11:01:26  INFO      scrapers — [Monster] Zero results — retrying 'CTO' with extended wait.
2026-03-27 11:01:26  INFO      scrapers — [Dice] Zero results — retrying 'CTO' with extended wait.
2026-03-27 11:01:28  INFO      scrapers — [ZipRecruiter] Zero results — retrying 'CTO' with extended wait.
2026-03-27 11:01:37  INFO      scrapers — [SimplyHired] Zero results — retrying 'CTO' with extended wait.
2026-03-27 11:01:52  INFO      scrapers —   Indeed → 95 result(s)
2026-03-27 11:01:52  INFO      scrapers —   LinkedIn → 38 result(s)
2026-03-27 11:01:52  INFO      scrapers —   ZipRecruiter → 0 result(s)
2026-03-27 11:01:52  INFO      scrapers —   Glassdoor → 200 result(s)
2026-03-27 11:01:52  INFO      scrapers —   Dice → 0 result(s)
2026-03-27 11:01:52  INFO      scrapers —   SimplyHired → 0 result(s)
2026-03-27 11:01:52  INFO      scrapers —   Monster → 0 result(s)
2026-03-27 11:01:52  INFO      scrapers —   The Muse → 0 result(s)
2026-03-27 11:01:52  INFO      scrapers —   Adzuna → 0 result(s)
2026-03-27 11:01:52  INFO      scrapers —   CareerBuilder → 0 result(s)
2026-03-27 11:01:52  INFO      scrapers —   RemoteOK → 0 result(s)
2026-03-27 11:01:52  INFO      scrapers —   Jobicy → 0 result(s)
2026-03-27 11:01:52  INFO      scrapers —   Builtin → 157 result(s)
2026-03-27 11:01:52  INFO      scrapers —   Wellfound → 0 result(s)
2026-03-27 11:01:52  INFO      scrapers — Fuzzy dedup removed 105 near-duplicate(s).
2026-03-27 11:01:52  INFO      jobhelp — After fuzzy dedup: 385 unique job(s).
2026-03-27 11:01:52  INFO      state — [state] Filtered 323 already-seen job(s).
2026-03-27 11:01:52  INFO      jobhelp — After state filter: 62 new job(s) to report.
2026-03-27 11:01:52  INFO      jobhelp — Keyword filter: removed 13 job(s) matching exclusion list.
2026-03-27 11:01:52  INFO      jobhelp — Geo-priority: 2 NJ/CT/NYC job(s) sorted to top.
2026-03-27 11:01:52  INFO      state — [state] Cached 49 job(s) for dashboard (run_ts=2026-03-27T15:01:52.512597+00:00).
2026-03-27 11:01:54  INFO      email_sender — Email sent to cmoskowitz@gmail.com (49 jobs)
2026-03-27 11:01:54  INFO      state — [state] Run recorded.
